지역,구간,표본,양성비율,AUC 기상 제외,PR-AUC 기상 제외,AUC 기상 포함,PR-AUC 기상 포함
서울 강남구,전체,10496,0.29468368902439024,0.649521482255754,0.3956354627679095,0.6490962170988344,0.4005943173811205
서울 강남구,강수 10mm+,1499,0.3675783855903936,0.618484228904868,0.4633063201971043,0.5991503748458882,0.4498085190530413
서울 강남구,폭염일(33℃+),2278,0.2800702370500439,0.6614534750363178,0.3938242129215323,0.6430594846700819,0.38566749249504645
강원 춘천시,전체,9900,0.3277777777777778,0.6286004359709615,0.3999189339345863,0.6417749551700066,0.4369172175261987
강원 춘천시,강수 10mm+,1451,0.44038594073053067,0.6083984751420399,0.5186735586628197,0.6154879468381169,0.5301719346033924
강원 춘천시,폭염일(33℃+),1568,0.30293367346938777,0.6230606250300958,0.35991789205348595,0.6098521693070738,0.35951397177742617
전체,전체,20396,0.3107472053343793,0.6414518464077574,0.39890925780161707,0.6466769930874217,0.42010323733404875
전체,강수 10mm+,2950,0.4033898305084746,0.6185062547746372,0.49498704064313864,0.6134348739495799,0.4966596754689363
전체,폭염일(33℃+),3846,0.28939157566302653,0.6476519554518021,0.37871561810063786,0.6297211315954973,0.37419962859729916
