MCT_SGG_CD,group,ML_손실억,호우_2025실제(억)
강원 춘천시,가정·내구재,3.0136860401847954,4.08461148098188
강원 춘천시,교육,2.4772134076444696,2.2524268156143923
강원 춘천시,문화·취미,2.2786625867234513,3.315901091456773
강원 춘천시,미용·생활서비스,3.091062028666673,1.009826459111994
강원 춘천시,생활소매,30.112454356712128,32.69866131038527
강원 춘천시,숙박·여행,0.8475867001596276,1.4747285397103094
강원 춘천시,야외·레저,10.940500245131519,33.919034773034994
강원 춘천시,외식,25.6676605234923,50.95765937630348
강원 춘천시,의료,17.7295603178376,15.761225227611352
강원 춘천시,주점·유흥,0.7863725291796693,1.4060188965356897
강원 춘천시,차량·교통,12.40541127069091,26.16123336307265
강원 춘천시,패션·뷰티소매,2.427446973484435,6.368341307396359
서울 강남구,가정·내구재,4.93168340734564,1.914067187666822
서울 강남구,교육,37.96310571212696,29.081310286531707
서울 강남구,문화·취미,8.257293148021578,14.771170753360956
서울 강남구,미용·생활서비스,19.544441520518845,5.6316091474742
서울 강남구,백화점,16.437393727883904,7.721714236754295
서울 강남구,생활소매,30.948318276324226,95.21016281336244
서울 강남구,숙박·여행,6.945377097709661,0.0
서울 강남구,야외·레저,3.470166780038276,2.866931270091388
서울 강남구,외식,37.24869360945309,157.33162537231914
서울 강남구,의료,96.0994179232028,95.62340367030896
서울 강남구,주점·유흥,1.0919771227601336,1.1205285602306927
서울 강남구,차량·교통,3.400653117351796,11.83671168796033
서울 강남구,패션·뷰티소매,18.871252286294443,47.73919594017328
