MCT_SGG_CD,group,손실억,평균손실률
강원 춘천시,가정·내구재,4.695839103557975,0.1975634384461065
강원 춘천시,교육,2.6077672957713602,0.1024618283675255
강원 춘천시,문화·취미,2.0465925554307685,0.10377343832280853
강원 춘천시,미용·생활서비스,4.320903638357164,0.21047848134361805
강원 춘천시,생활소매,35.832713742794,0.10547448101363961
강원 춘천시,숙박·여행,0.7741817037025296,0.12838736678683904
강원 춘천시,야외·레저,18.876049432079746,0.1759356200989067
강원 춘천시,외식,27.75887112514692,0.06798576439625556
강원 춘천시,의료,21.35893593767415,0.12361295204866418
강원 춘천시,주점·유흥,0.6252330096842735,0.053999752438368895
강원 춘천시,차량·교통,15.32112800639337,0.09855683529333627
강원 춘천시,패션·뷰티소매,2.7839624209266747,0.11549448370984121
서울 강남구,가정·내구재,7.724026441050796,0.15667198079409386
서울 강남구,교육,32.67275010931152,0.06362514150062976
서울 강남구,문화·취미,12.411164555809517,0.1071844773745905
서울 강남구,미용·생활서비스,14.124493659713378,0.11199137375953201
서울 강남구,백화점,41.08743223403181,0.13474049944056385
서울 강남구,생활소매,61.554890423928924,0.08459747757436915
서울 강남구,숙박·여행,4.289321716045411,0.0718099620998172
서울 강남구,야외·레저,3.391415556073982,0.06216353339822079
서울 강남구,외식,74.06122580419768,0.0575323481923684
서울 강남구,의료,107.15963858848818,0.10093270398642287
서울 강남구,주점·유흥,2.2229136981754474,0.06244069621274637
서울 강남구,차량·교통,5.916424123676591,0.0833149940633131
서울 강남구,패션·뷰티소매,20.122192776757736,0.0523427569640797
