설정,지역,구간,모델,n,WAPE
업종·주 CV,서울 강남구,전체,M0 지난주 같은 요일,10496,0.22860060268953966
업종·주 CV,서울 강남구,전체,M1 기상 제외,10496,0.17009692488659192
업종·주 CV,서울 강남구,전체,M2 기상 포함,10496,0.17178754406704844
업종·주 CV,서울 강남구,호우일(30mm+),M0 지난주 같은 요일,659,0.25647996167354986
업종·주 CV,서울 강남구,호우일(30mm+),M1 기상 제외,659,0.18489404201424386
업종·주 CV,서울 강남구,호우일(30mm+),M2 기상 포함,659,0.18137251189343584
업종·주 CV,서울 강남구,강수 10mm+,M0 지난주 같은 요일,1499,0.24851523787783397
업종·주 CV,서울 강남구,강수 10mm+,M1 기상 제외,1499,0.17680426761066895
업종·주 CV,서울 강남구,강수 10mm+,M2 기상 포함,1499,0.1822686647980714
업종·주 CV,서울 강남구,폭염일(33℃+),M0 지난주 같은 요일,2278,0.19704732959901144
업종·주 CV,서울 강남구,폭염일(33℃+),M1 기상 제외,2278,0.14991528892525433
업종·주 CV,서울 강남구,폭염일(33℃+),M2 기상 포함,2278,0.1558806955326027
업종·주 CV,강원 춘천시,전체,M0 지난주 같은 요일,9900,0.20518238597999908
업종·주 CV,강원 춘천시,전체,M1 기상 제외,9900,0.16448246828180954
업종·주 CV,강원 춘천시,전체,M2 기상 포함,9900,0.16310397816052874
업종·주 CV,강원 춘천시,호우일(30mm+),M0 지난주 같은 요일,1007,0.26911861992479724
업종·주 CV,강원 춘천시,호우일(30mm+),M1 기상 제외,1007,0.2064492959860934
업종·주 CV,강원 춘천시,호우일(30mm+),M2 기상 포함,1007,0.20193338973048336
업종·주 CV,강원 춘천시,강수 10mm+,M0 지난주 같은 요일,1451,0.26831434864907366
업종·주 CV,강원 춘천시,강수 10mm+,M1 기상 제외,1451,0.196857015809477
업종·주 CV,강원 춘천시,강수 10mm+,M2 기상 포함,1451,0.19059072076686626
업종·주 CV,강원 춘천시,폭염일(33℃+),M0 지난주 같은 요일,1568,0.17655581485461674
업종·주 CV,강원 춘천시,폭염일(33℃+),M1 기상 제외,1568,0.14996235497489183
업종·주 CV,강원 춘천시,폭염일(33℃+),M2 기상 포함,1568,0.15039867258112605
업종·주 CV,전체,전체,M0 지난주 같은 요일,20396,0.22544173946879892
업종·주 CV,전체,전체,M1 기상 제외,20396,0.16933959563760317
업종·주 CV,전체,전체,M2 기상 포함,20396,0.17061622528956832
업종·주 CV,전체,호우일(30mm+),M0 지난주 같은 요일,1666,0.2591019796192014
업종·주 CV,전체,호우일(30mm+),M1 기상 제외,1666,0.189365898251965
업종·주 CV,전체,호우일(30mm+),M2 기상 포함,1666,0.18563807470836252
업종·주 CV,전체,강수 10mm+,M0 지난주 같은 요일,2950,0.25123368969093524
업종·주 CV,전체,강수 10mm+,M1 기상 제외,2950,0.17955754427690676
업종·주 CV,전체,강수 10mm+,M2 기상 포함,2950,0.183411297333365
업종·주 CV,전체,폭염일(33℃+),M0 지난주 같은 요일,3846,0.19495302863544486
업종·주 CV,전체,폭염일(33℃+),M1 기상 제외,3846,0.14992009923207336
업종·주 CV,전체,폭염일(33℃+),M2 기상 포함,3846,0.15532041455324208
업종·월 CV,서울 강남구,전체,M0 지난주 같은 요일,10496,0.22860060268953966
업종·월 CV,서울 강남구,전체,M1 기상 제외,10496,0.17585056455503292
업종·월 CV,서울 강남구,전체,M2 기상 포함,10496,0.17992168911079945
업종·월 CV,서울 강남구,호우일(30mm+),M0 지난주 같은 요일,659,0.25647996167354986
업종·월 CV,서울 강남구,호우일(30mm+),M1 기상 제외,659,0.18716706352154688
업종·월 CV,서울 강남구,호우일(30mm+),M2 기상 포함,659,0.19624149768378332
업종·월 CV,서울 강남구,강수 10mm+,M0 지난주 같은 요일,1499,0.24851523787783397
업종·월 CV,서울 강남구,강수 10mm+,M1 기상 제외,1499,0.1871252595537819
업종·월 CV,서울 강남구,강수 10mm+,M2 기상 포함,1499,0.20198599460370614
업종·월 CV,서울 강남구,폭염일(33℃+),M0 지난주 같은 요일,2278,0.19704732959901144
업종·월 CV,서울 강남구,폭염일(33℃+),M1 기상 제외,2278,0.16819584236172125
업종·월 CV,서울 강남구,폭염일(33℃+),M2 기상 포함,2278,0.168546888308799
업종·월 CV,강원 춘천시,전체,M0 지난주 같은 요일,9900,0.20518238597999908
업종·월 CV,강원 춘천시,전체,M1 기상 제외,9900,0.17014559262622228
업종·월 CV,강원 춘천시,전체,M2 기상 포함,9900,0.17367235347173426
업종·월 CV,강원 춘천시,호우일(30mm+),M0 지난주 같은 요일,1007,0.26911861992479724
업종·월 CV,강원 춘천시,호우일(30mm+),M1 기상 제외,1007,0.20900071180881646
업종·월 CV,강원 춘천시,호우일(30mm+),M2 기상 포함,1007,0.2200693735758801
업종·월 CV,강원 춘천시,강수 10mm+,M0 지난주 같은 요일,1451,0.26831434864907366
업종·월 CV,강원 춘천시,강수 10mm+,M1 기상 제외,1451,0.20094827495923773
업종·월 CV,강원 춘천시,강수 10mm+,M2 기상 포함,1451,0.20947778972098963
업종·월 CV,강원 춘천시,폭염일(33℃+),M0 지난주 같은 요일,1568,0.17655581485461674
업종·월 CV,강원 춘천시,폭염일(33℃+),M1 기상 제외,1568,0.16957743418460267
업종·월 CV,강원 춘천시,폭염일(33℃+),M2 기상 포함,1568,0.16639807302067322
업종·월 CV,전체,전체,M0 지난주 같은 요일,20396,0.22544173946879892
업종·월 CV,전체,전체,M1 기상 제외,20396,0.17508102577140996
업종·월 CV,전체,전체,M2 기상 포함,20396,0.17907872157193194
업종·월 CV,전체,호우일(30mm+),M0 지난주 같은 요일,1666,0.2591019796192014
업종·월 CV,전체,호우일(30mm+),M1 기상 제외,1666,0.1916966754859035
업종·월 CV,전체,호우일(30mm+),M2 기상 포함,1666,0.2011848324075994
업종·월 CV,전체,강수 10mm+,M0 지난주 같은 요일,2950,0.25123368969093524
업종·월 CV,전체,강수 10mm+,M1 기상 제외,2950,0.18902318323963105
업종·월 CV,전체,강수 10mm+,M2 기상 포함,2950,0.2030146309023396
업종·월 CV,전체,폭염일(33℃+),M0 지난주 같은 요일,3846,0.19495302863544486
업종·월 CV,전체,폭염일(33℃+),M1 기상 제외,3846,0.16833704564132299
업종·월 CV,전체,폭염일(33℃+),M2 기상 포함,3846,0.16832727223919244
업종군·주 CV,서울 강남구,전체,M0 지난주 같은 요일,2275,0.1782349662617773
업종군·주 CV,서울 강남구,전체,M1 기상 제외,2275,0.13835873331398935
업종군·주 CV,서울 강남구,전체,M2 기상 포함,2275,0.13755197755220908
업종군·주 CV,서울 강남구,호우일(30mm+),M0 지난주 같은 요일,143,0.2161381193814169
업종군·주 CV,서울 강남구,호우일(30mm+),M1 기상 제외,143,0.17765844408871315
업종군·주 CV,서울 강남구,호우일(30mm+),M2 기상 포함,143,0.17467580690554876
업종군·주 CV,서울 강남구,강수 10mm+,M0 지난주 같은 요일,325,0.19933073323289444
업종군·주 CV,서울 강남구,강수 10mm+,M1 기상 제외,325,0.14857205506049942
업종군·주 CV,서울 강남구,강수 10mm+,M2 기상 포함,325,0.15234688407400593
업종군·주 CV,서울 강남구,폭염일(33℃+),M0 지난주 같은 요일,494,0.1528366818485088
업종군·주 CV,서울 강남구,폭염일(33℃+),M1 기상 제외,494,0.11657936421111025
업종군·주 CV,서울 강남구,폭염일(33℃+),M2 기상 포함,494,0.11572623025676809
업종군·주 CV,강원 춘천시,전체,M0 지난주 같은 요일,2124,0.15882774639370678
업종군·주 CV,강원 춘천시,전체,M1 기상 제외,2124,0.13355333329141095
업종군·주 CV,강원 춘천시,전체,M2 기상 포함,2124,0.13318808854880865
업종군·주 CV,강원 춘천시,호우일(30mm+),M0 지난주 같은 요일,216,0.21824623493436973
업종군·주 CV,강원 춘천시,호우일(30mm+),M1 기상 제외,216,0.16370722013786096
업종군·주 CV,강원 춘천시,호우일(30mm+),M2 기상 포함,216,0.16075454653905116
업종군·주 CV,강원 춘천시,강수 10mm+,M0 지난주 같은 요일,312,0.21911455063237015
업종군·주 CV,강원 춘천시,강수 10mm+,M1 기상 제외,312,0.1637331058231279
업종군·주 CV,강원 춘천시,강수 10mm+,M2 기상 포함,312,0.1570827169570788
업종군·주 CV,강원 춘천시,폭염일(33℃+),M0 지난주 같은 요일,336,0.13398385486477293
업종군·주 CV,강원 춘천시,폭염일(33℃+),M1 기상 제외,336,0.11575456607069486
업종군·주 CV,강원 춘천시,폭염일(33℃+),M2 기상 포함,336,0.11730395904939178
업종군·주 CV,전체,전체,M0 지난주 같은 요일,4399,0.17559469072471784
업종군·주 CV,전체,전체,M1 기상 제외,4399,0.1377049776389546
업종군·주 CV,전체,전체,M2 기상 포함,4399,0.13695828770582993
업종군·주 CV,전체,호우일(30mm+),M0 지난주 같은 요일,359,0.21658053561522292
업종군·주 CV,전체,호우일(30mm+),M1 기상 제외,359,0.17473059321797899
업종군·주 CV,전체,호우일(30mm+),M2 기상 포함,359,0.17175424429359767
업종군·주 CV,전체,강수 10mm+,M0 지난주 같은 요일,637,0.20207992969810068
업종군·주 CV,전체,강수 10mm+,M1 기상 제외,637,0.15067886318169318
업종군·주 CV,전체,강수 10mm+,M2 기상 포함,637,0.15300498431619156
업종군·주 CV,전체,폭염일(33℃+),M0 지난주 같은 요일,830,0.15089300103967573
업종군·주 CV,전체,폭염일(33℃+),M1 기상 제외,830,0.11649432952012892
업종군·주 CV,전체,폭염일(33℃+),M2 기상 포함,830,0.11588889027472782
업종군·월 CV,서울 강남구,전체,M0 지난주 같은 요일,2275,0.1782349662617773
업종군·월 CV,서울 강남구,전체,M1 기상 제외,2275,0.13703915196449626
업종군·월 CV,서울 강남구,전체,M2 기상 포함,2275,0.14015472439310278
업종군·월 CV,서울 강남구,호우일(30mm+),M0 지난주 같은 요일,143,0.2161381193814169
업종군·월 CV,서울 강남구,호우일(30mm+),M1 기상 제외,143,0.19292976401332887
업종군·월 CV,서울 강남구,호우일(30mm+),M2 기상 포함,143,0.213044114855211
업종군·월 CV,서울 강남구,강수 10mm+,M0 지난주 같은 요일,325,0.19933073323289444
업종군·월 CV,서울 강남구,강수 10mm+,M1 기상 제외,325,0.1632283105868386
업종군·월 CV,서울 강남구,강수 10mm+,M2 기상 포함,325,0.1738845579537031
업종군·월 CV,서울 강남구,폭염일(33℃+),M0 지난주 같은 요일,494,0.1528366818485088
업종군·월 CV,서울 강남구,폭염일(33℃+),M1 기상 제외,494,0.11157951521444873
업종군·월 CV,서울 강남구,폭염일(33℃+),M2 기상 포함,494,0.11037500605111769
업종군·월 CV,강원 춘천시,전체,M0 지난주 같은 요일,2124,0.15882774639370678
업종군·월 CV,강원 춘천시,전체,M1 기상 제외,2124,0.13002061086737632
업종군·월 CV,강원 춘천시,전체,M2 기상 포함,2124,0.13283299150224723
업종군·월 CV,강원 춘천시,호우일(30mm+),M0 지난주 같은 요일,216,0.21824623493436973
업종군·월 CV,강원 춘천시,호우일(30mm+),M1 기상 제외,216,0.16903214397741947
업종군·월 CV,강원 춘천시,호우일(30mm+),M2 기상 포함,216,0.19086716073558785
업종군·월 CV,강원 춘천시,강수 10mm+,M0 지난주 같은 요일,312,0.21911455063237015
업종군·월 CV,강원 춘천시,강수 10mm+,M1 기상 제외,312,0.17416206027762823
업종군·월 CV,강원 춘천시,강수 10mm+,M2 기상 포함,312,0.18931189069994134
업종군·월 CV,강원 춘천시,폭염일(33℃+),M0 지난주 같은 요일,336,0.13398385486477293
업종군·월 CV,강원 춘천시,폭염일(33℃+),M1 기상 제외,336,0.117623512185554
업종군·월 CV,강원 춘천시,폭염일(33℃+),M2 기상 포함,336,0.11639705228024616
업종군·월 CV,전체,전체,M0 지난주 같은 요일,4399,0.17559469072471784
업종군·월 CV,전체,전체,M1 기상 제외,4399,0.1360843071958718
업종군·월 CV,전체,전체,M2 기상 포함,4399,0.1391586315796023
업종군·월 CV,전체,호우일(30mm+),M0 지난주 같은 요일,359,0.21658053561522292
업종군·월 CV,전체,호우일(30mm+),M1 기상 제외,359,0.18791452894312302
업종군·월 CV,전체,호우일(30mm+),M2 기상 포함,359,0.20838998453244437
업종군·월 CV,전체,강수 10mm+,M0 지난주 같은 요일,637,0.20207992969810068
업종군·월 CV,전체,강수 10mm+,M1 기상 제외,637,0.16474768500252465
업종군·월 CV,전체,강수 10mm+,M2 기상 포함,637,0.17602836912002748
업종군·월 CV,전체,폭염일(33℃+),M0 지난주 같은 요일,830,0.15089300103967573
업종군·월 CV,전체,폭염일(33℃+),M1 기상 제외,830,0.11220263666628813
업종군·월 CV,전체,폭염일(33℃+),M2 기상 포함,830,0.11099586443461425
