MCT_SGG_CD,date,TS_AT,USE_CNT,dow,holiday,temperature_max_c,precipitation_reported_mm,heat,rain,dtype,month,idx
강원 춘천시,2025-07-01,8119614461,249995,1,False,33.1,1.3,True,False,1,7,1.0241298538757333
강원 춘천시,2025-07-02,7753384829,253512,2,False,32.0,,False,False,2,7,0.9815241130578767
강원 춘천시,2025-07-03,7709027723,255254,3,False,31.6,0.0,False,False,3,7,0.9693880315353068
강원 춘천시,2025-07-04,8983522562,266013,4,False,27.9,1.7,False,False,4,7,1.00261119042287
강원 춘천시,2025-07-05,10121997821,308059,5,False,31.5,,False,False,5,7,1.020188526429547
강원 춘천시,2025-07-06,7067109936,244462,6,False,30.1,,False,False,6,7,1.0114388118089828
강원 춘천시,2025-07-07,7840471959,253794,0,False,34.9,,True,False,0,7,0.9644404887810013
강원 춘천시,2025-07-08,7621383511,249273,1,False,36.9,0.0,True,False,1,7,0.961287807314199
강원 춘천시,2025-07-09,7545118716,247299,2,False,35.6,,True,False,2,7,0.9551590845766705
강원 춘천시,2025-07-10,7578590617,253224,3,False,34.4,,True,False,3,7,0.9529859411592074
강원 춘천시,2025-07-11,8599143102,278291,4,False,33.6,,True,False,4,7,0.9597123002264054
강원 춘천시,2025-07-12,9713986157,312499,5,False,35.4,,True,False,5,7,0.9790653385348963
강원 춘천시,2025-07-13,6436331476,227651,6,False,30.5,0.4,False,False,6,7,0.9211623307757464
강원 춘천시,2025-07-14,7456248953,238072,0,False,23.9,18.5,False,True,0,7,0.9171779992720397
강원 춘천시,2025-07-15,7937078208,243340,1,False,26.2,30.5,False,True,1,7,1.0011064914969128
강원 춘천시,2025-07-16,7525497353,222543,2,False,25.2,55.2,False,True,2,7,0.9526751577059795
강원 춘천시,2025-07-17,6878085296,222274,3,False,23.5,42.1,False,True,3,7,0.8648994147379562
강원 춘천시,2025-07-18,8513562411,265590,4,False,26.3,18.6,False,True,4,7,0.9501610180997627
강원 춘천시,2025-07-19,9212865536,284499,5,False,24.9,23.0,False,True,5,7,0.9285577690864234
강원 춘천시,2025-07-20,7330868450,245298,6,False,32.1,94.7,False,True,6,7,1.0491877078104024
강원 춘천시,2025-07-21,7797416194,256098,0,False,32.8,,False,False,0,7,0.9591442868101782
강원 춘천시,2025-07-22,7912865177,255885,1,False,33.3,0.0,True,False,1,7,0.9980524933029068
강원 춘천시,2025-07-23,7970517846,261360,2,False,33.7,,True,False,2,7,1.0090116293655116
강원 춘천시,2025-07-24,7987961065,267250,3,False,34.7,,True,False,3,7,1.0044630958685454
강원 춘천시,2025-07-25,9469228474,294258,4,False,36.5,,True,False,4,7,1.056818677437555
강원 춘천시,2025-07-26,10500037849,325313,5,False,36.5,,True,False,5,7,1.058290895736183
강원 춘천시,2025-07-27,7466880545,255682,6,False,36.5,,True,False,6,7,1.0686536440989658
강원 춘천시,2025-07-28,9040251750,285466,0,False,36.6,,True,False,0,7,1.1120229575548826
강원 춘천시,2025-07-29,8738478421,280065,1,False,37.1,,True,False,1,7,1.1021873848050652
강원 춘천시,2025-07-30,8762844732,282702,2,False,35.6,,True,False,2,7,1.109314653294399
강원 춘천시,2025-07-31,9186539685,285625,3,False,34.2,,True,False,3,7,1.1551809050178878
강원 춘천시,2025-08-01,9971359315,297472,4,False,35.5,0.0,True,False,4,8,1.108409284020959
강원 춘천시,2025-08-02,10354152222,316864,5,False,35.0,,True,False,5,8,1.0394141978725677
강원 춘천시,2025-08-03,7333669464,245978,6,False,32.3,1.4,False,False,6,8,1.0453915932360924
강원 춘천시,2025-08-04,8467020569,269487,0,False,33.3,7.7,True,False,0,8,1.0373462640565434
강원 춘천시,2025-08-05,8278455001,266228,1,False,33.4,,True,False,1,8,1.0399891636711351
강원 춘천시,2025-08-06,6916061583,228068,2,False,27.1,70.9,False,True,2,8,0.8720239015355873
강원 춘천시,2025-08-07,8442668857,264945,3,False,32.3,,False,False,3,8,1.0573961024751082
강원 춘천시,2025-08-08,8925312833,285644,4,False,32.5,,False,False,4,8,0.992131493246526
강원 춘천시,2025-08-09,9864846580,307469,5,False,27.2,,False,False,5,8,0.9902946542837336
강원 춘천시,2025-08-10,6629730335,245600,6,False,32.9,,False,False,6,8,0.9450472770354604
강원 춘천시,2025-08-11,8031431885,264324,0,False,28.8,,False,False,0,8,0.9839796411305202
강원 춘천시,2025-08-12,8051477299,263052,1,False,33.8,,True,False,1,8,1.0114748635455126
강원 춘천시,2025-08-13,6571127170,215999,2,False,24.3,65.1,False,True,2,8,0.8285322337723178
강원 춘천시,2025-08-14,8152136377,272167,3,False,29.0,41.6,False,True,3,8,1.0210085670644642
강원 춘천시,2025-08-15,9498617057,303081,4,True,32.7,,False,False,7,8,1.142852678154887
강원 춘천시,2025-08-16,9884049355,315459,5,False,33.0,,True,False,5,8,0.9922223482702237
강원 춘천시,2025-08-17,6917873978,249066,6,False,31.5,,False,False,6,8,0.9861212501010975
강원 춘천시,2025-08-18,8009067513,259933,0,False,33.2,0.7,True,False,0,8,0.9812396456913794
강원 춘천시,2025-08-19,8118336404,255738,1,False,32.7,,False,False,1,8,1.0198741052741145
강원 춘천시,2025-08-20,7745022052,253259,2,False,33.0,8.6,True,False,2,8,0.9765448537742148
강원 춘천시,2025-08-21,7831992370,251638,3,False,33.5,0.0,True,False,3,8,0.9809123568534135
강원 춘천시,2025-08-22,8704001587,283437,4,False,33.6,,True,False,4,8,0.9675306908909601
강원 춘천시,2025-08-23,9825669123,312571,5,False,30.7,0.0,False,False,5,8,0.9863617774852046
강원 춘천시,2025-08-24,6521577803,238145,6,False,34.2,,True,False,6,8,0.9296304726246531
강원 춘천시,2025-08-25,7937986999,258048,0,False,33.2,0.4,True,False,0,8,0.9725311389570174
강원 춘천시,2025-08-26,7530911092,246544,1,False,31.8,46.2,False,True,1,8,0.946078214751989
강원 춘천시,2025-08-27,8202089798,260795,2,False,31.8,,False,False,2,8,1.034175051878973
강원 춘천시,2025-08-28,8059928859,261472,3,False,29.9,0.0,False,False,3,8,1.009460101549171
강원 춘천시,2025-08-29,9285632096,283787,4,False,33.2,0.6,True,False,4,8,1.032184328943661
강원 춘천시,2025-08-30,10405031894,315413,5,False,32.2,3.9,False,False,5,8,1.0445218157949248
강원 춘천시,2025-08-31,7192862010,252007,6,False,31.8,5.8,False,False,6,8,1.0253199320575845
강원 춘천시,2025-09-01,7663598446,255162,0,False,27.5,54.4,False,True,0,9,0.927435936291947
강원 춘천시,2025-09-02,8154664041,277644,1,False,30.9,,False,False,1,9,1.0119140875144812
강원 춘천시,2025-09-03,8011998015,272524,2,False,32.5,,False,False,2,9,0.9978572497055697
강원 춘천시,2025-09-04,7651405645,264811,3,False,28.2,30.0,False,True,3,9,0.9465797810165012
강원 춘천시,2025-09-05,9170827664,291443,4,False,32.8,0.0,False,False,4,9,1.006960344517188
강원 춘천시,2025-09-06,9367944436,276583,5,False,29.7,45.3,False,True,5,9,0.9289160189999952
강원 춘천시,2025-09-07,7177643294,257470,6,False,30.4,5.1,False,False,6,9,1.0106425749905878
강원 춘천시,2025-09-08,8066606344,271425,0,False,29.6,0.0,False,False,0,9,0.9762072817438692
강원 춘천시,2025-09-09,7572421852,269490,1,False,25.6,0.0,False,False,1,9,0.9396635238576467
강원 춘천시,2025-09-10,7553976347,272047,2,False,31.3,,False,False,2,9,0.9408127720259234
강원 춘천시,2025-09-11,7599982086,275605,3,False,30.8,,False,False,3,9,0.9402180086212397
강원 춘천시,2025-09-12,8717892821,277505,4,False,27.4,8.7,False,False,4,9,0.9572279275248279
강원 춘천시,2025-09-13,9827930698,304714,5,False,25.4,66.4,False,True,5,9,0.9745277975722192
강원 춘천시,2025-09-14,7069883533,253667,6,False,28.4,,False,False,6,9,0.9954695442510346
강원 춘천시,2025-09-15,8484604167,276728,0,False,29.6,,False,False,0,9,1.0267926829850238
강원 춘천시,2025-09-16,7686616221,256476,1,False,25.1,14.6,False,True,1,9,0.953833928686704
강원 춘천시,2025-09-17,7106680528,238110,2,False,23.0,60.8,False,True,2,9,0.8851041491684899
강원 춘천시,2025-09-18,7903462881,274695,3,False,24.6,,False,False,3,9,0.9777625851085072
강원 춘천시,2025-09-19,8570004795,269901,4,False,22.3,11.5,False,True,4,9,0.940989766361305
강원 춘천시,2025-09-20,10322702047,304385,5,False,22.1,41.0,False,True,5,9,1.0235888306481777
강원 춘천시,2025-09-21,7790608959,264802,6,False,25.9,,False,False,6,9,1.0969507366923916
강원 춘천시,2025-09-22,8444095803,278542,0,False,24.0,,False,False,0,9,1.0218904281554269
강원 춘천시,2025-09-23,8202362852,281742,1,False,26.6,,False,False,1,9,1.0178330436561338
강원 춘천시,2025-09-24,7461517020,257732,2,False,22.6,12.7,False,True,2,9,0.9292973910214453
강원 춘천시,2025-09-25,8936623013,290021,3,False,27.0,,False,False,3,9,1.1055781182115805
강원 춘천시,2025-09-26,9933606811,309134,4,False,27.1,,False,False,4,9,1.0907137832246636
강원 춘천시,2025-09-27,11019664668,343943,5,False,26.9,,False,False,5,9,1.0926989484241925
강원 춘천시,2025-09-28,6666348162,233196,6,False,21.0,30.9,False,True,6,9,0.9386500549364654
강원 춘천시,2025-09-29,9517167393,300047,0,False,25.8,,False,False,0,9,1.1517517670280795
강원 춘천시,2025-09-30,9606969015,292777,1,False,22.5,,False,False,1,9,1.1921309370583817
강원 춘천시,2025-10-01,9891518832,298361,2,False,25.4,,False,False,2,10,1.193036580660313
강원 춘천시,2025-10-02,10973241282,323921,3,False,26.5,,False,False,3,10,1.3146620285830672
강원 춘천시,2025-10-03,11249027068,315616,4,True,23.4,0.1,False,False,7,10,1.2946908356471847
강원 춘천시,2025-10-04,11888427245,338835,5,False,26.1,,False,False,5,10,1.141615205155273
강원 춘천시,2025-10-05,8837173478,275958,6,True,22.3,1.9,False,False,7,10,1.0171019632033975
강원 춘천시,2025-10-06,5645988062,188695,0,True,19.4,25.4,False,True,7,10,0.6498169982041339
강원 춘천시,2025-10-07,7517955373,240757,1,True,19.4,10.6,False,True,7,10,0.8652684241392041
강원 춘천시,2025-10-08,8654255539,289418,2,True,27.6,,False,False,7,10,0.9960492821255418
강원 춘천시,2025-10-09,7821595982,264752,3,True,20.4,0.1,False,False,7,10,0.9002155099117095
강원 춘천시,2025-10-10,8708342097,260949,4,False,17.0,34.5,False,True,4,10,0.9259819281971607
강원 춘천시,2025-10-11,8654504451,264329,5,False,17.3,33.3,False,True,5,10,0.831069885926327
강원 춘천시,2025-10-12,6119894556,222457,6,False,19.4,0.1,False,False,6,10,0.8344932952266714
강원 춘천시,2025-10-13,7595738605,238387,0,False,16.9,31.4,False,True,0,10,0.8901934287532804
강원 춘천시,2025-10-14,8204811808,270322,1,False,21.3,0.2,False,False,1,10,0.9859829085668638
강원 춘천시,2025-10-15,7972869962,266201,2,False,24.4,1.1,False,False,2,10,0.9616243651826069
강원 춘천시,2025-10-16,7765981661,273880,3,False,23.3,3.4,False,False,3,10,0.9304125319049152
강원 춘천시,2025-10-17,8790276138,286046,4,False,24.1,5.3,False,False,4,10,0.9346941997667747
강원 춘천시,2025-10-18,9996478121,320396,5,False,20.4,9.8,False,False,5,10,0.9599361787519282
강원 춘천시,2025-10-19,7742375259,270538,6,False,22.1,,False,False,6,10,1.055730647586073
강원 춘천시,2025-10-20,8961677908,275290,0,False,15.9,,False,False,0,10,1.050276635250937
강원 춘천시,2025-10-21,8310286916,271405,1,False,16.8,,False,False,1,10,0.9986579895072752
강원 춘천시,2025-10-22,8305694932,270494,2,False,18.7,,False,False,2,10,1.0017670743975562
강원 춘천시,2025-10-23,8102400655,269260,3,False,21.0,,False,False,3,10,0.9707176036462435
강원 춘천시,2025-10-24,9576520085,296827,4,False,19.4,,False,False,4,10,1.0182976776695567
강원 춘천시,2025-10-25,10718907654,341652,5,False,20.5,,False,False,5,10,1.0293092356357048
강원 춘천시,2025-10-26,7637511667,262994,6,False,13.7,0.0,False,False,6,10,1.0414317142242895
강원 춘천시,2025-10-27,8969093138,277041,0,False,11.6,,False,False,0,10,1.0511456737160507
강원 춘천시,2025-10-28,8602047203,271999,1,False,14.9,,False,False,1,10,1.033719202745594
강원 춘천시,2025-10-29,8438256324,271849,2,False,16.5,,False,False,2,10,1.0177555785418964
강원 춘천시,2025-10-30,8613844619,278544,3,False,17.6,,False,False,3,10,1.0319917469863467
강원 춘천시,2025-10-31,10084886459,298371,4,False,20.0,1.1,False,False,4,10,1.0723536701861216
강원 춘천시,2025-11-01,11801341868,321143,5,False,17.5,1.8,False,False,5,11,1.147216679955315
강원 춘천시,2025-11-02,8534981841,257574,6,False,12.1,0.6,False,False,6,11,1.1781490431066342
강원 춘천시,2025-11-03,8751815000,268481,0,False,15.2,,False,False,0,11,1.0383200091021765
강원 춘천시,2025-11-04,7966792096,263901,1,False,17.4,,False,False,1,11,0.9691767064149748
강원 춘천시,2025-11-05,8102982394,261992,2,False,18.5,,False,False,2,11,0.9893601062530247
강원 춘천시,2025-11-06,7756420294,264716,3,False,18.2,,False,False,3,11,0.9407175490962748
강원 춘천시,2025-11-07,9141004662,289037,4,False,19.8,,False,False,4,11,0.9839650688375466
강원 춘천시,2025-11-08,10374318326,309856,5,False,14.9,,False,False,5,11,1.0084947254197534
강원 춘천시,2025-11-09,6892223575,244376,6,False,18.5,,False,False,6,11,0.951386512711297
강원 춘천시,2025-11-10,7999700090,274370,0,False,14.9,,False,False,0,11,0.9490886942038288
강원 춘천시,2025-11-11,8046432496,275068,1,False,15.8,,False,False,1,11,0.9788651254975218
강원 춘천시,2025-11-12,7704085448,265034,2,False,17.2,,False,False,2,11,0.9406554805129028
강원 춘천시,2025-11-13,8016690852,268351,3,False,18.0,,False,False,3,11,0.9722837964298647
강원 춘천시,2025-11-14,9285851233,283910,4,False,15.4,,False,False,4,11,0.9995567867585957
강원 춘천시,2025-11-15,10266240603,306700,5,False,16.4,,False,False,5,11,0.9979884145320576
강원 춘천시,2025-11-16,7549140678,249487,6,False,18.7,0.2,False,False,6,11,1.0420658217851584
강원 춘천시,2025-11-17,8278816584,260966,0,False,12.3,,False,False,0,11,0.9822032242288177
강원 춘천시,2025-11-18,8167759602,258336,1,False,7.3,,False,False,1,11,0.9936248184297598
강원 춘천시,2025-11-19,8251511344,255692,2,False,8.4,,False,False,2,11,1.0074952336182847
강원 춘천시,2025-11-20,8244872752,258419,3,False,13.3,,False,False,3,11,0.9999582531482789
강원 춘천시,2025-11-21,9116789597,278004,4,False,11.1,,False,False,4,11,0.9813584868500458
강원 춘천시,2025-11-22,10460538740,303434,5,False,14.4,,False,False,5,11,1.0168762720438422
강원 춘천시,2025-11-23,6932247946,231453,6,False,10.9,,False,False,6,11,0.9569113837974983
강원 춘천시,2025-11-24,8236047739,266973,0,False,15.7,,False,False,0,11,0.9771291055997459
강원 춘천시,2025-11-25,7823716334,249022,1,False,6.6,8.5,False,False,1,11,0.9517712445788871
강원 춘천시,2025-11-26,8077582909,264228,2,False,10.6,,False,False,2,11,0.9862588731568034
강원 춘천시,2025-11-27,7541564409,245213,3,False,6.0,7.6,False,False,3,11,0.9146593039412954
강원 춘천시,2025-11-28,10043414258,282478,4,False,8.3,,False,False,4,11,1.0811031355031342
강원 춘천시,2025-11-29,10488663299,296720,5,False,6.4,,False,False,5,11,1.0196102800542937
강원 춘천시,2025-11-30,7561340555,246618,6,False,15.9,,False,False,6,11,1.0437498644323873
강원 춘천시,2025-12-01,8635572641,259981,0,False,11.9,,False,False,0,12,1.0678910870042742
강원 춘천시,2025-12-02,7675043900,249510,1,False,5.1,,False,False,1,12,0.9732021899986355
강원 춘천시,2025-12-03,7452051336,240232,2,False,-2.5,,False,False,2,12,0.9483923948257584
강원 춘천시,2025-12-04,7683013628,244397,3,False,1.1,0.9,False,False,3,12,0.9712527041405759
강원 춘천시,2025-12-05,8778524154,262986,4,False,2.5,,False,False,4,12,0.9849404749114082
강원 춘천시,2025-12-06,9793384408,281249,5,False,3.0,0.1,False,False,5,12,0.9923150738284354
강원 춘천시,2025-12-07,7262824914,236136,6,False,12.7,,False,False,6,12,1.0449750797211679
강원 춘천시,2025-12-08,7599187887,252353,0,False,8.9,,False,False,0,12,0.939729807201114
강원 춘천시,2025-12-09,7405497501,247818,1,False,8.0,,False,False,1,12,0.939023473989852
강원 춘천시,2025-12-10,7460581848,248472,2,False,4.7,0.0,False,False,2,12,0.9494780385418299
강원 춘천시,2025-12-11,7406205585,249556,3,False,9.8,9.8,False,False,3,12,0.936259851946248
강원 춘천시,2025-12-12,8360654550,271524,4,False,6.9,,False,False,4,12,0.9380559782699923
강원 춘천시,2025-12-13,8825140566,259533,5,False,2.6,8.8,False,False,5,12,0.8942077271206621
강원 춘천시,2025-12-14,6373128441,217765,6,False,1.7,,False,False,6,12,0.9169655718768189
강원 춘천시,2025-12-15,8094289225,251319,0,False,1.3,,False,False,0,12,1.000954965970998
강원 춘천시,2025-12-16,7777964333,237798,1,False,1.9,0.7,False,False,1,12,0.9862525897222395
강원 춘천시,2025-12-17,8006453819,251334,2,False,7.3,,False,False,2,12,1.0189489536634144
강원 춘천시,2025-12-18,8047342976,251479,3,False,5.0,,False,False,3,12,1.0173096137825397
강원 춘천시,2025-12-19,8958163471,271112,4,False,3.3,,False,False,4,12,1.005095802970524
강원 춘천시,2025-12-20,9538834551,277819,5,False,7.4,0.4,False,False,5,12,0.9665227992052078
강원 춘천시,2025-12-21,7231177484,231301,6,False,4.4,,False,False,6,12,1.0404216482287645
강원 춘천시,2025-12-22,7864027391,247085,0,False,5.2,,False,False,0,12,0.9724803563037248
강원 춘천시,2025-12-23,7308558890,221623,1,False,0.3,7.6,False,False,1,12,0.926731574458095
강원 춘천시,2025-12-24,9683022970,267635,2,False,3.8,,False,False,2,12,1.2323191198787964
강원 춘천시,2025-12-25,8114159420,251593,3,True,2.4,,False,False,7,12,0.9854080253111188
강원 춘천시,2025-12-26,8972075814,262488,4,False,-3.6,,False,False,4,12,1.0066567521097147
강원 춘천시,2025-12-27,9075986412,265635,5,False,-2.8,0.0,False,False,5,12,0.9196246926785249
강원 춘천시,2025-12-28,6179944327,208927,6,False,3.8,1.0,False,False,6,12,0.8891702460472124
강원 춘천시,2025-12-29,8915937608,252782,0,False,8.9,0.8,False,False,0,12,1.102561543940281
강원 춘천시,2025-12-30,8783135057,253177,1,False,4.6,,False,False,1,12,1.1137091049767405
강원 춘천시,2025-12-31,10365245020,281586,2,False,-0.7,,False,False,2,12,1.3191427573753318
서울 강남구,2025-07-01,60087083061,1656151,1,False,33.3,0.5,True,False,1,7,1.0376691020836122
서울 강남구,2025-07-02,51408055098,1689460,2,False,32.5,0.0,False,False,2,7,0.9321390500379636
서울 강남구,2025-07-03,54159356866,1691636,3,False,33.1,0.0,True,False,3,7,0.9637870744838438
서울 강남구,2025-07-04,57655954910,1748833,4,False,31.5,0.0,False,False,4,7,0.9368238222604187
서울 강남구,2025-07-05,58394079746,1724364,5,False,33.1,0.0,True,False,5,7,1.009592494498304
서울 강남구,2025-07-06,36100058486,1411799,6,False,33.7,0.0,True,False,6,7,0.9964369612805459
서울 강남구,2025-07-07,51122342734,1648134,0,False,34.8,0.0,True,False,0,7,0.9195598511608442
서울 강남구,2025-07-08,50250004141,1612306,1,False,39.0,0.0,True,False,1,7,0.8677884500359947
서울 강남구,2025-07-09,52435672862,1658708,2,False,37.9,0.0,True,False,2,7,0.9507719791482182
서울 강남구,2025-07-10,53406626167,1684387,3,False,37.4,0.0,True,False,3,7,0.9503919353935046
서울 강남구,2025-07-11,57045576226,1771345,4,False,36.7,0.0,True,False,4,7,0.9269060732150034
서울 강남구,2025-07-12,60048480446,1741949,5,False,36.4,0.0,True,False,5,7,1.0381959169150627
서울 강남구,2025-07-13,34723112825,1345361,6,False,31.8,0.5,False,False,6,7,0.9584303871131561
서울 강남구,2025-07-14,51482140890,1542001,0,False,30.4,15.5,False,True,0,7,0.9260316973456096
서울 강남구,2025-07-15,60363221578,1644036,1,False,27.7,3.0,False,False,1,7,1.04243785424113
서울 강남구,2025-07-16,52142300471,1440659,2,False,25.6,49.5,False,True,2,7,0.9454525041878682
서울 강남구,2025-07-17,49058072063,1459652,3,False,25.5,112.5,False,True,3,7,0.873007703366925
서울 강남구,2025-07-18,57266254697,1706324,4,False,28.9,4.0,False,False,4,7,0.9304917713274623
서울 강남구,2025-07-19,55375494559,1612376,5,False,28.2,39.0,False,True,5,7,0.9574032835020004
서울 강남구,2025-07-20,36483611180,1460506,6,False,32.7,10.0,False,True,6,7,1.0070238161757685
서울 강남구,2025-07-21,56164390744,1680840,0,False,33.4,0.0,True,False,0,7,1.0102533653791952
서울 강남구,2025-07-22,60281011546,1697935,1,False,33.9,0.0,True,False,1,7,1.0410181346318237
서울 강남구,2025-07-23,56815637916,1696507,2,False,34.1,0.0,True,False,2,7,1.030190203721236
서울 강남구,2025-07-24,58972003832,1735312,3,False,35.6,0.0,True,False,3,7,1.0494300216732066
서울 강남구,2025-07-25,68980818915,1837491,4,False,37.4,0.0,True,False,4,7,1.120836079108903
서울 강남구,2025-07-26,58540451698,1724718,5,False,37.6,0.0,True,False,5,7,1.012123162415104
서울 강남구,2025-07-27,34779358380,1377314,6,False,37.9,0.0,True,False,6,7,0.9599828818253592
서울 강남구,2025-07-28,64757640893,1724469,0,False,36.7,0.0,True,False,0,7,1.1648238996193434
서울 강남구,2025-07-29,67406171330,1729440,1,False,37.9,0.0,True,False,1,7,1.1640655148443007
서울 강남구,2025-07-30,61086408041,1743166,2,False,36.6,0.0,True,False,2,7,1.107628488434771
서울 강남구,2025-07-31,65708381872,1775533,3,False,35.9,0.0,True,False,3,7,1.1693065205735216
서울 강남구,2025-08-01,63913892390,1785646,4,False,36.6,0.0,True,False,4,8,1.0576315907325917
서울 강남구,2025-08-02,54267318653,1640875,5,False,36.3,0.0,True,False,5,8,0.9555227887587097
서울 강남구,2025-08-03,32508747858,1299528,6,False,32.7,2.5,False,False,6,8,0.9138345130011016
서울 강남구,2025-08-04,52564081951,1654092,0,False,33.7,3.0,True,False,0,8,0.9629056352827463
서울 강남구,2025-08-05,54071583798,1691075,1,False,33.6,0.0,True,False,1,8,0.9509818869664286
서울 강남구,2025-08-06,48847879337,1567699,2,False,30.7,11.0,False,True,2,8,0.9020292771421486
서울 강남구,2025-08-07,53518295187,1720431,3,False,33.7,0.0,True,False,3,8,0.9699185393053088
서울 강남구,2025-08-08,59485409599,1777253,4,False,32.7,0.0,False,False,4,8,0.9843501315124669
서울 강남구,2025-08-09,54894821922,1653885,5,False,27.4,0.5,False,False,5,8,0.9665716794802884
서울 강남구,2025-08-10,33818176835,1379540,6,False,34.7,0.0,True,False,6,8,0.9506431097742886
서울 강남구,2025-08-11,52820193627,1640306,0,False,29.7,0.0,False,False,0,8,0.96759726817975
서울 강남구,2025-08-12,52249599901,1659296,1,False,35.0,0.5,True,False,1,8,0.918937815705923
서울 강남구,2025-08-13,48899875276,1463030,2,False,28.7,77.0,False,True,2,8,0.9029894387685505
서울 강남구,2025-08-14,57227754894,1702041,3,False,28.8,40.5,False,True,3,8,1.0371455264141825
서울 강남구,2025-08-15,40133574166,1476977,4,True,31.9,0.5,False,False,7,8,1.2011540744663511
서울 강남구,2025-08-16,47922355449,1588990,5,False,33.5,0.0,True,False,5,8,0.8438025658742073
서울 강남구,2025-08-17,31982423281,1338831,6,False,33.5,0.0,True,False,6,8,0.8990393087808645
서울 강남구,2025-08-18,50444523165,1620601,0,False,33.7,0.5,True,False,0,8,0.9240780742638931
서울 강남구,2025-08-19,53385142603,1647807,1,False,33.7,2.0,True,False,1,8,0.9389091290211224
서울 강남구,2025-08-20,55950696547,1658416,2,False,33.7,0.0,True,False,2,8,1.0331905304159656
서울 강남구,2025-08-21,54119847872,1651000,3,False,35.0,0.0,True,False,3,8,0.9808205514025123
서울 강남구,2025-08-22,62186514186,1750947,4,False,34.9,0.0,True,False,4,8,1.029047355140344
서울 강남구,2025-08-23,57522322616,1699940,5,False,33.2,0.0,True,False,5,8,1.0128359293624325
서울 강남구,2025-08-24,35291662659,1346155,6,False,35.8,0.0,True,False,6,8,0.9920634132037147
서울 강남구,2025-08-25,59564535797,1628070,0,False,34.1,1.5,True,False,0,8,1.0911448474530245
서울 강남구,2025-08-26,63517657081,1619297,1,False,32.8,14.0,False,True,1,8,1.1171143351789548
서울 강남구,2025-08-27,61130757764,1667618,2,False,33.1,0.0,True,False,2,8,1.1288460007975292
서울 강남구,2025-08-28,62476152950,1689316,3,False,32.3,0.0,False,False,3,8,1.1322628794311536
서울 강남구,2025-08-29,68108523211,1748293,4,False,34.2,1.0,True,False,4,8,1.1270433242674485
서울 강남구,2025-08-30,60083252791,1717250,5,False,33.5,35.0,True,True,5,8,1.0579280253673833
서울 강남구,2025-08-31,37340619738,1437521,6,False,33.0,1.5,True,False,6,8,1.0496604545486137
서울 강남구,2025-09-01,54052861866,1575276,0,False,29.8,28.0,False,True,0,9,0.9954978234097956
서울 강남구,2025-09-02,53639877418,1664619,1,False,31.3,0.0,False,False,1,9,0.9484575729791752
서울 강남구,2025-09-03,50832659256,1635540,2,False,32.8,0.0,False,False,2,9,0.9437234064912162
서울 강남구,2025-09-04,46953946282,1601180,3,False,30.9,8.5,False,False,3,9,0.8555237413807084
서울 강남구,2025-09-05,54257266113,1750221,4,False,33.6,0.0,True,False,4,9,0.9026596543986791
서울 강남구,2025-09-06,55243946976,1618968,5,False,31.8,10.5,False,True,5,9,0.9779448468959775
서울 강남구,2025-09-07,35789656879,1426629,6,False,30.3,0.5,False,False,6,9,1.0114672514670942
서울 강남구,2025-09-08,49095840915,1591011,0,False,31.2,0.0,False,False,0,9,0.9042037938808752
서울 강남구,2025-09-09,49624745301,1603945,1,False,28.2,0.0,False,False,1,9,0.8774622119494605
서울 강남구,2025-09-10,47153314644,1633262,2,False,,0.0,False,False,2,9,0.87541528172039
서울 강남구,2025-09-11,49370997229,1668098,3,False,,,False,False,3,9,0.8995635853773342
서울 강남구,2025-09-12,54231856828,1675297,4,False,27.3,10.0,False,True,4,9,0.9022369287794257
서울 강남구,2025-09-13,56910805731,1724101,5,False,27.5,62.5,False,True,5,9,1.0074520783518304
서울 강남구,2025-09-14,36165540251,1424923,6,False,29.0,0.0,False,False,6,9,1.0220902569469847
서울 강남구,2025-09-15,49593611752,1673814,0,False,30.5,0.0,False,False,0,9,0.9133712970931718
서울 강남구,2025-09-16,48092093147,1541898,1,False,28.7,15.5,False,True,1,9,0.8503619348389028
서울 강남구,2025-09-17,45132104229,1499859,2,False,24.1,44.5,False,True,2,9,0.8378909104599157
서울 강남구,2025-09-18,52654827496,1695064,3,False,26.3,0.0,False,False,3,9,0.9593965702176318
서울 강남구,2025-09-19,58581649611,1657420,4,False,22.2,11.0,False,True,4,9,0.9746029496185754
서울 강남구,2025-09-20,59779213217,1738336,5,False,24.2,35.0,False,True,5,9,1.0582294842629287
서울 강남구,2025-09-21,37202259894,1472649,6,False,27.5,0.0,False,False,6,9,1.051389447251948
서울 강남구,2025-09-22,55436502826,1671196,0,False,25.9,0.0,False,False,0,9,1.0209804993775422
서울 강남구,2025-09-23,59255139240,1682942,1,False,28.0,0.0,False,False,1,9,1.0477463457299785
서울 강남구,2025-09-24,53902979042,1496818,2,False,24.8,18.5,False,True,2,9,1.0007248046055455
서울 강남구,2025-09-25,63953069346,1719054,3,False,27.5,0.0,False,False,3,9,1.16525603260411
서울 강남구,2025-09-26,72803615041,1821320,4,False,27.7,0.0,False,False,4,9,1.2112089439784328
서울 강남구,2025-09-27,62378057796,1761126,5,False,27.2,0.0,False,False,5,9,1.1042350070946105
서울 강남구,2025-09-28,38969069348,1348857,6,False,22.3,42.0,False,True,6,9,1.1013220271686905
서울 강남구,2025-09-29,70360913839,1748848,0,False,25.5,0.0,False,False,0,9,1.2958451072117498
서울 강남구,2025-09-30,72601736931,1782385,1,False,24.3,0.0,False,False,1,9,1.2837402044573183
서울 강남구,2025-10-01,65075882423,1745289,2,False,26.4,0.0,False,False,2,10,1.1622695460891694
서울 강남구,2025-10-02,73443532872,1830066,3,False,26.8,0.0,False,False,3,10,1.2873552928058716
서울 강남구,2025-10-03,57109154985,1522766,4,True,23.4,1.5,False,False,7,10,1.6531356359726987
서울 강남구,2025-10-04,55989956437,1612997,5,False,24.5,0.0,False,False,5,10,0.9535087624121483
서울 강남구,2025-10-05,31823839649,1261531,6,True,22.5,4.0,False,False,7,10,0.9212029736924114
서울 강남구,2025-10-06,12584972027,517135,0,True,21.0,44.5,False,True,7,10,0.3642965079945188
서울 강남구,2025-10-07,25152802027,1169373,1,True,20.5,6.5,False,False,7,10,0.7280968066559815
서울 강남구,2025-10-08,32876270193,1371059,2,True,28.4,0.0,False,False,7,10,0.951667624012128
서울 강남구,2025-10-09,33001831524,1352854,3,True,23.5,0.0,False,False,7,10,0.9553022411033946
서울 강남구,2025-10-10,52943233658,1530744,4,False,18.6,28.0,False,True,4,10,0.8473473665480578
서울 강남구,2025-10-11,52209517435,1595915,5,False,25.8,12.0,False,True,5,10,0.889127899422415
서울 강남구,2025-10-12,32986351785,1342936,6,False,22.0,0.0,False,False,6,10,0.8968369096762103
서울 강남구,2025-10-13,48808680826,1449149,0,False,18.8,24.5,False,True,0,10,0.8647759195772644
서울 강남구,2025-10-14,53142898342,1654076,1,False,21.7,0.0,False,False,1,10,0.9039830020758575
서울 강남구,2025-10-15,53175852158,1642440,2,False,25.7,3.0,False,False,2,10,0.9497323931598292
서울 강남구,2025-10-16,52922313454,1670713,3,False,25.8,3.0,False,False,3,10,0.9276490069081692
서울 강남구,2025-10-17,57041586627,1703817,4,False,25.1,5.5,False,False,4,10,0.9129408023003868
서울 강남구,2025-10-18,60699671964,1699080,5,False,18.1,9.5,False,False,5,10,1.0337152013743942
서울 강남구,2025-10-19,37754975205,1429693,6,False,21.3,0.0,False,False,6,10,1.0264868181982902
서울 강남구,2025-10-20,52834672137,1631271,0,False,17.8,0.0,False,False,0,10,0.9361070901653761
서울 강남구,2025-10-21,59936046637,1641537,1,False,15.6,0.0,False,False,1,10,1.0195373053007402
서울 강남구,2025-10-22,55198188797,1636182,2,False,20.2,0.0,False,False,2,10,0.9858517694930079
서울 강남구,2025-10-23,57200010836,1670703,3,False,21.6,0.0,False,False,3,10,1.0026306445063655
서울 강남구,2025-10-24,66080742412,1764613,4,False,21.9,0.0,False,False,4,10,1.0576109389927273
서울 강남구,2025-10-25,61330896218,1735519,5,False,19.7,0.0,False,False,5,10,1.0444649482136028
서울 강남구,2025-10-26,37922188312,1383673,6,False,15.9,0.0,False,False,6,10,1.031033028313209
서울 강남구,2025-10-27,64774222578,1653674,0,False,12.2,0.0,False,False,0,10,1.1476480606899235
서울 강남구,2025-10-28,66845397686,1664252,1,False,14.3,0.0,False,False,1,10,1.1370682661353453
서울 강남구,2025-10-29,63529025940,1663260,2,False,17.6,0.0,False,False,2,10,1.134642349723622
서울 강남구,2025-10-30,64517316938,1702966,3,False,18.2,0.0,False,False,3,10,1.1308920770808013
서울 강남구,2025-10-31,71421122864,1777874,4,False,21.1,0.0,False,False,4,10,1.1430828114060807
서울 강남구,2025-11-01,61174622456,1687713,5,False,17.9,5.5,False,False,5,11,1.0600858225761647
서울 강남구,2025-11-02,37761227708,1388305,6,False,11.9,0.0,False,False,6,11,1.04467322263899
서울 강남구,2025-11-03,52950156249,1597846,0,False,14.1,0.0,False,False,0,11,0.9546164934573432
서울 강남구,2025-11-04,52185202203,1606569,1,False,16.7,0.0,False,False,1,11,0.9032699620767594
서울 강남구,2025-11-05,51119914396,1609532,2,False,18.6,0.0,False,False,2,11,0.9290350100446346
서울 강남구,2025-11-06,51495779461,1605718,3,False,18.7,0.0,False,False,3,11,0.9184841563311262
서울 강남구,2025-11-07,57298663287,1713571,4,False,20.3,0.0,False,False,4,11,0.9331483248999332
서울 강남구,2025-11-08,56432420248,1662866,5,False,18.0,0.0,False,False,5,11,0.9779089144619221
서울 강남구,2025-11-09,35477468236,1374997,6,False,18.3,0.0,False,False,6,11,0.981492481117678
서울 강남구,2025-11-10,50701336207,1653465,0,False,12.6,0.0,False,False,0,11,0.9140734459011582
서울 강남구,2025-11-11,53256751502,1668660,1,False,15.1,0.0,False,False,1,11,0.9218173328602622
서울 강남구,2025-11-12,50155955740,1621776,2,False,17.4,0.0,False,False,2,11,0.9115163707777104
서울 강남구,2025-11-13,52080336508,1600500,3,False,17.6,0.0,False,False,3,11,0.9289103775042193
서울 강남구,2025-11-14,58480076762,1702477,4,False,15.3,0.0,False,False,4,11,0.9523884596948506
서울 강남구,2025-11-15,57498928423,1657080,5,False,16.6,0.0,False,False,5,11,0.9963902740615218
서울 강남구,2025-11-16,36748793220,1353131,6,False,19.0,0.0,False,False,6,11,1.0166639850297545
서울 강남구,2025-11-17,53400915735,1569497,0,False,10.6,0.0,False,False,0,11,0.9627430500230016
서울 강남구,2025-11-18,53773429812,1571921,1,False,6.4,0.0,False,False,1,11,0.9307604810666086
서울 강남구,2025-11-19,50347327073,1593792,2,False,8.4,0.0,False,False,2,11,0.9149942848230793
서울 강남구,2025-11-20,58954066596,1631606,3,False,14.6,0.0,False,False,3,11,1.0515109526738016
서울 강남구,2025-11-21,63005873113,1721342,4,False,12.4,0.0,False,False,4,11,1.0260941805878552
서울 강남구,2025-11-22,58798994463,1666082,5,False,15.3,0.0,False,False,5,11,1.0189189227410946
서울 강남구,2025-11-23,36368737769,1342925,6,False,14.7,0.0,False,False,6,11,1.0061496618237438
서울 강남구,2025-11-24,56215689078,1603952,0,False,17.5,0.0,False,False,0,11,1.0134894358492494
서울 강남구,2025-11-25,61117521161,1558752,1,False,10.1,4.5,False,False,1,11,1.057878837118856
서울 강남구,2025-11-26,62916391574,1625548,2,False,10.8,0.0,False,False,2,11,1.1434199600791377
서울 강남구,2025-11-27,61534301991,1533905,3,False,9.6,9.0,False,False,3,11,1.0975323034469675
서울 강남구,2025-11-28,72754410119,1748853,4,False,7.7,0.0,False,False,4,11,1.1848558419517394
서울 강남구,2025-11-29,63312985722,1697900,5,False,10.5,0.0,False,False,5,11,1.0971411976777388
서울 강남구,2025-11-30,41569727280,1449985,6,False,16.7,0.0,False,False,6,11,1.1500362567030957
서울 강남구,2025-12-01,56618660878,1590732,0,False,12.8,0.0,False,False,0,12,0.9492808824868945
서울 강남구,2025-12-02,55898105602,1577050,1,False,4.9,0.0,False,False,1,12,0.8997891274254797
서울 강남구,2025-12-03,53090629891,1519046,2,False,-2.2,0.0,False,False,2,12,0.8972909638384916
서울 강남구,2025-12-04,51874577856,1538311,3,False,2.7,2.5,False,False,3,12,0.8604548012454929
서울 강남구,2025-12-05,55810920808,1646696,4,False,2.9,0.0,False,False,4,12,0.8452765715848614
서울 강남구,2025-12-06,60401045768,1659819,5,False,6.7,0.0,False,False,5,12,0.9733917033552072
서울 강남구,2025-12-07,36219437913,1393160,6,False,13.6,0.0,False,False,6,12,0.9318575258507442
서울 강남구,2025-12-08,50173162625,1571677,0,False,8.2,0.0,False,False,0,12,0.8412142455372905
서울 강남구,2025-12-09,51401677222,1584803,1,False,8.4,0.0,False,False,1,12,0.8274103352464007
서울 강남구,2025-12-10,53215324355,1598550,2,False,10.6,0.0,False,False,2,12,0.899398439602437
서울 강남구,2025-12-11,52390346501,1594002,3,False,9.2,15.0,False,True,3,12,0.8690099669020516
서울 강남구,2025-12-12,61853176496,1719909,4,False,7.5,0.0,False,False,4,12,0.9367887182875131
서울 강남구,2025-12-13,59691157406,1518100,5,False,5.2,5.0,False,False,5,12,0.9619515133205288
서울 강남구,2025-12-14,39849156324,1386615,6,False,4.1,0.0,False,False,6,12,1.0252433046729865
서울 강남구,2025-12-15,57544101208,1643293,0,False,4.2,0.0,False,False,0,12,0.964797017971701
서울 강남구,2025-12-16,58212985013,1542874,1,False,4.7,1.5,False,False,1,12,0.937051630383082
서울 강남구,2025-12-17,58363925568,1671489,2,False,8.1,0.0,False,False,2,12,0.9864155526846826
서울 강남구,2025-12-18,60940645707,1690829,3,False,8.4,0.0,False,False,3,12,1.010835622318682
서울 강남구,2025-12-19,70138700867,1792519,4,False,10.8,0.0,False,False,4,12,1.0622759801478798
서울 강남구,2025-12-20,66217827530,1693286,5,False,10.7,0.0,False,False,5,12,1.0671319198591798
서울 강남구,2025-12-21,42300860400,1439617,6,False,2.7,0.0,False,False,6,12,1.0883210062062711
서울 강남구,2025-12-22,64500423856,1704727,0,False,5.6,0.0,False,False,0,12,1.0814282487312208
서울 강남구,2025-12-23,68421882493,1652215,1,False,5.3,5.5,False,False,1,12,1.1013837639424833
서울 강남구,2025-12-24,73717197343,1898772,2,False,6.8,0.0,False,False,2,12,1.245903000043062
서울 강남구,2025-12-25,41613103889,1422779,3,True,1.3,0.0,False,False,7,12,1.1398861788949668
서울 강남구,2025-12-26,66958498613,1600748,4,False,-3.8,0.0,False,False,4,12,1.0141106673508502
서울 강남구,2025-12-27,60152387599,1582580,5,False,0.6,0.0,False,False,5,12,0.9693844581891916
서울 강남구,2025-12-28,36511749149,1314038,6,False,6.9,0.5,False,False,6,12,0.9393781402184113
서울 강남구,2025-12-29,74460042971,1672715,0,False,9.7,1.5,False,False,0,12,1.2484134065591803
서울 강남구,2025-12-30,77997935197,1679826,1,False,4.4,0.0,False,False,1,12,1.2555290254664138
서울 강남구,2025-12-31,69190471863,1699784,2,False,-0.4,0.0,False,False,2,12,1.1693962816763614
