MCT_SGG_CD,MCT_RY_CD,강수일 변화율,폭염일 변화율
강원 춘천시,LPG가스,-0.06662118164253428,0.0272787417896605
강원 춘천시,가전,-0.10414506405883295,0.03778192323734575
강원 춘천시,기타식품,-0.07890619762532869,0.016775057737838273
강원 춘천시,기타요식,-0.09417184667578049,0.04899126449903046
강원 춘천시,기타유통,-0.32938175502629985,0.20514464815177091
강원 춘천시,기타의료,-0.05405674606501598,-0.0703955060827306
강원 춘천시,농수산물,-0.17916763760365717,0.0655844395837264
강원 춘천시,동물병원,-0.07756647207918133,-0.015834429402457606
강원 춘천시,"모텔,여관,기타숙박",-0.1500759994146097,0.14680656628493316
강원 춘천시,미용실,-0.11273741566021978,0.04017659797115436
강원 춘천시,생활잡화/수입상품점,-0.14549408975261224,0.07046142594418092
강원 춘천시,스포츠/레저용품,-0.11234513082947717,0.08322430328839281
강원 춘천시,스포츠시설,-0.06664015789456312,0.13761118167923292
강원 춘천시,실내/실외골프장,-0.34371776831457246,-0.006060118232006251
강원 춘천시,약국,-0.035929599814102486,0.006097057467798095
강원 춘천시,양식,-0.09899903427418899,0.04778832831237212
강원 춘천시,예식장/결혼서비스,-0.0888336653810532,0.07340272204544851
강원 춘천시,유치원,0.7080590980111712,-0.2628835297197655
강원 춘천시,유흥업소,-0.021011408795677533,-0.04163201920481918
강원 춘천시,의복/의류,-0.22141472312569144,0.06070430676484295
강원 춘천시,인테리어/건축자재/주방기구,-0.20605539929033823,0.030257847411498062
강원 춘천시,일반병원,-0.07833556366236916,0.03205066361648301
강원 춘천시,일식,-0.14911044883049474,0.061217980420782636
강원 춘천시,자동차서비스,-0.17369789067721897,0.056487558249040504
강원 춘천시,자동차용품,-0.11226245068226426,0.06295494785319522
강원 춘천시,정육점,-0.17764024422161118,0.02173295210157633
강원 춘천시,제과점,-0.05200878506364359,0.012190977426198124
강원 춘천시,종합레저타운/놀이동산,-0.35484002956202365,0.2847601831640647
강원 춘천시,종합병원,-0.07880568190548232,0.032651934602591526
강원 춘천시,주유소,-0.12498293140362504,0.03535674151256796
강원 춘천시,중식,-0.0564567385691338,0.022825273630517673
강원 춘천시,치과병원,-0.06139817703488626,-0.09019117505315366
강원 춘천시,커피전문점,-0.1468246278506271,0.07525403252437757
강원 춘천시,패션잡화,-0.1899553010912146,0.1365370965171333
강원 춘천시,패스트푸드,-0.04254874639133388,0.03838138894482701
강원 춘천시,편의점,-0.06925620707065494,0.030707038159461852
강원 춘천시,학원/학습지,-0.02427392039946452,0.013906482543311283
강원 춘천시,한식,-0.07463509438582583,0.032445113791454316
강원 춘천시,한의원,-0.1409571885547306,-0.03599093498386441
강원 춘천시,할인점/슈퍼마켓/양판점,-0.07261396514534846,-0.00629048695710599
강원 춘천시,헬스장,-0.032986578367430464,0.015223612069797943
서울 강남구,가구,0.1766209297871253,-0.029714172616335688
서울 강남구,가전,-0.09223826202496477,0.02367930154070219
서울 강남구,고속버스/철도/여객선,0.01745738042657874,-0.022007558363676516
서울 강남구,기타식품,-0.19308660890479,0.0364864730435106
서울 강남구,기타요식,-0.11665314622027467,-0.016479610754428053
서울 강남구,기타의료,-0.2937605324065695,0.09637839775886281
서울 강남구,동물병원,-0.06310605673427105,-0.008120121760765708
서울 강남구,미용실,-0.08879842826151563,-0.005378848652205281
서울 강남구,방문판매/다단계판매,-0.03341324243484056,0.06094398782052424
서울 강남구,백화점,-0.08143159374332243,-0.003087123724781038
서울 강남구,생활잡화/수입상품점,-0.07092508126443109,0.023579344074700748
서울 강남구,서점,-0.15946203339351783,0.08191424015933069
서울 강남구,스포츠/레저용품,-0.07397150216131176,0.016106534411838735
서울 강남구,시계/귀금속,-0.000720730218942589,-0.01858646957396748
서울 강남구,약국,-0.040774434625050815,-0.011838329479519905
서울 강남구,양식,-0.0038769329067298575,-0.06856714553904619
서울 강남구,연구/번역서비스,-0.13833181731440491,0.03915380889623821
서울 강남구,예식장/결혼서비스,-0.06916472954371744,0.02352705894030782
서울 강남구,유흥업소,-0.07576860993469303,-0.009284499134439295
서울 강남구,의복/의류,-0.02870294897423875,-0.10158206729535524
서울 강남구,인테리어/건축자재/주방기구,-0.279541784682921,0.046907210364997454
서울 강남구,일반병원,-0.06758924556785273,0.01086761793376545
서울 강남구,일식,-0.09560513157708395,0.010484107846818302
서울 강남구,자동차서비스,-0.15379709449497136,0.03493776255394909
서울 강남구,제과점,-0.07464900250253748,-0.00030143576136110184
서울 강남구,종합병원,0.021929630701653657,-0.0453420016241225
서울 강남구,주유소,-0.09301443602306758,0.028914616306022323
서울 강남구,중식,-0.04146611301209435,-0.002651923326110528
서울 강남구,치과병원,-0.016965235342717655,0.047163097806322885
서울 강남구,커피전문점,-0.04835476056851662,0.027181519979671664
서울 강남구,패션잡화,-0.1272989462527494,0.07351526341328074
서울 강남구,패스트푸드,-0.055627207461237727,0.010695391575347157
서울 강남구,편의점,-0.040842533570577655,0.004405602169408995
서울 강남구,학원/학습지,-0.11558179240268229,0.046018118778361705
서울 강남구,한식,-0.04492606825101897,-0.008098696701069552
서울 강남구,한의원,-0.004986464916969524,-0.030435076240226677
서울 강남구,할인점/슈퍼마켓/양판점,-0.09305946313571656,0.014432490335721582
서울 강남구,헬스장,-0.060285668009029125,0.017741601642079496
서울 강남구,호텔/콘도,0.021210935229873495,0.013278951841356301
서울 강남구,화장품,-0.061796461970325844,0.010212574528831286
