MCT_RY_CD,강원 춘천시,서울 강남구
일반병원,0.04339860325892255,0.15417783260673898
할인점/슈퍼마켓/양판점,0.15829894319380353,0.11001882349718566
학원/학습지,0.018515908095025107,0.09322724560653482
한식,0.14680582836476264,0.06680419586795694
기타의료,0.007431095108126489,0.05470136318036263
백화점,0.0,0.05335317890155303
의복/의류,0.011276939688382006,0.041490331412199835
종합병원,0.023997754448592923,0.04101219453009185
기타요식,0.05801699356742766,0.040742177453840775
커피전문점,0.010300817695837454,0.03623355992664833
편의점,0.053597909469794015,0.022870078298026356
치과병원,0.02093775014397813,0.020342757217919435
약국,0.02534697669619106,0.018184782155481707
예식장/결혼서비스,0.0040794888014552165,0.015420965146310039
미용실,0.011976761200829609,0.014927642272562271
양식,0.009069320527999684,0.014021357274958936
일식,0.009862255681619051,0.013901695730811426
스포츠/레저용품,0.020649332445529037,0.012720055550030744
헬스장,0.006600764436270568,0.010784657163864052
패션잡화,0.005980396037611449,0.009918948338024728
중식,0.011870426066127192,0.009437685166245092
호텔/콘도,0.002325019543287854,0.008311656954039298
생활잡화/수입상품점,0.009005254124712612,0.008260468566299816
한의원,0.003599743636948412,0.007840901179186318
화장품,0.0021417746747491237,0.007606763833032155
서점,0.0015510350430477057,0.0074940610959483775
기타식품,0.0348388621241492,0.006703668403727968
제과점,0.009364905972007532,0.006243301261745473
고속버스/철도/여객선,0.0002219255426299513,0.006207955803129051
주유소,0.08548511783747106,0.005795569947806458
시계/귀금속,0.002677941825204921,0.005488647574189465
유흥업소,0.005398936337886179,0.0041632863769045705
가전,0.007380732911219793,0.004098746195030259
패스트푸드,0.006651875262503154,0.004006917589625732
자동차서비스,0.017344668678940748,0.00398613779566549
방문판매/다단계판매,0.0006635454128398625,0.003635729437281777
가구,0.002397397975973933,0.003343508927293616
연구/번역서비스,0.0015041276924910307,0.00323176938858251
동물병원,0.003732117905972071,0.003198480550131552
인테리어/건축자재/주방기구,0.009925455388056437,0.003096714583610494
정육점,0.012304787174745807,0.0025739294057854057
장례식장/묘지/장의사,0.0019387600991478814,0.002515214629135805
법률/사무서비스,0.0005349721252485963,0.0024755503355870555
LPG가스,0.014342406161998415,0.0021757144844127777
미용서비스,0.001182811765353903,0.002166136362783866
기타유통,0.004955785532678232,0.002085226926959536
"모텔,여관,기타숙박",0.003286856383516409,0.0019103964554312185
스포츠시설,0.004034321358132571,0.0018623812950319255
농수산물,0.008757969287585682,0.00184157840033702
유치원,0.009295210494276566,0.0017667245263739127
회계/변리서비스,0.0002280856636644308,0.0016683950497909565
여행사/항공사,9.600358271856085e-05,0.0016053741027120154
자동차용품,0.01427340552515553,0.0014257662271762292
사무기기/문구용품,0.0012489413611619675,0.0013984692168411887
게임방/오락실,0.002119854363452881,0.0013181932816986558
주류판매,0.0004278996492328018,0.0012940959377089173
영화/공연,0.0008409180049867798,0.0011901478660334309
문화용품,0.00080506483596698,0.0011461752932385816
완구/아동용자전거,0.0011427193622331419,0.0010929893399715016
애완동물,0.0023804176687695707,0.0010544371038318757
노래방,0.0025293496017714735,0.0010468578940156469
주차장,0.00028509948293775075,0.001014305854570247
전용매장,0.00018016054548778223,0.0008942808188978786
세탁소,0.0015925235411615273,0.0008448894979713868
실내/실외골프장,0.0309545529898402,0.0007425283185755764
화원,0.0019683532630112473,0.0007303490528918342
안마/마사지,0.00042703490437243514,0.0006904802138028583
독서실,0.00030723544310189236,0.0006450930619194596
싸우나/목욕탕,0.0016126479724477476,0.0005725037151373465
악기/음반,0.0002801457146028743,0.00048856588809475
택시,0.004275305175027732,0.0002887009244773886
오토바이,0.0005888255670223517,0.00018348512078808542
중고품판매점,0.00031107413559586683,0.000143270240728788
수제용품점,0.00029978547522514884,5.8876761763849194e-05
체인점,2.35234860794162e-05,3.878440917704563e-05
부동산중개,1.579615644164478e-05,3.060315749936246e-05
보건소,3.119108782115599e-05,1.3716068268605548e-05
종합레저타운/놀이동산,0.005895502239648096,0.0
