,결제액 비중,건당금액(만원),00~05시 비중,18~23시 비중,일요일/평일,공휴일/평일,일매출 변동계수,최대일/중앙값
컴퓨터/소프트웨어,0.04601368835151578,1.9139659090160275,0.1603745474440796,0.32580814011765974,0.8474244594349964,1.0478859394952404,0.14675074730895904,1.6805495106932156
쇼핑몰,0.036150062929824096,3.91560034977505,0.06754439872914621,0.3278902345649864,0.9161003083480622,0.640236889017374,0.2925074871341291,2.8833041324520794
할인점/슈퍼마켓/양판점,0.0388208591243661,1.1068503296492955,0.0011955836401329064,0.32687189386455373,1.2823131127726775,1.1552098460947846,0.1623286289165721,1.5133697612704522
백화점,0.018826017004510823,11.412252140971775,9.31812677247761e-06,0.23334350652757693,1.3737460302462943,1.1018569119372708,0.28773820987071974,2.001819151467254
한식,0.02357229603325886,3.2540930308895955,0.04778641687040125,0.4820958461779628,0.7656994663394608,0.6827052241124114,0.15706511843622803,1.4012147745058185
커피전문점,0.012785247840090509,0.8525463056832601,0.0013789425062502934,0.18152774985549955,1.0254841829874495,1.0673455877337161,0.09745547646398549,1.2835227076341644
의복/의류,0.01464013392960409,15.899922438410304,0.0008343017428373449,0.21259176788462933,1.2755486079302198,1.010215444382919,0.33724408076006984,3.51183034473039
가전,0.0014462693161581715,28.92244432167673,0.0004575832441936278,0.18550595770282252,1.1138399968633457,0.590476210538861,0.39551417300956987,2.5976484572198917
일반병원,0.05440265337757789,23.514558426568293,0.00021450528964869444,0.0679540482582865,0.047175053800024604,0.3765323998331123,0.47103355457664464,2.3265640821845675
