MCT_RY_CD,서울,수도권(서울·경기·인천),비수도권
컴퓨터/소프트웨어,0.2187746907757189,0.5923505889412642,0.40764941105873576
쇼핑몰,0.2671397821651476,0.6044594692228195,0.39554053077718054
할인점/슈퍼마켓/양판점,0.3216039513160644,0.6403460025590021,0.3596539974409979
백화점,0.7096993163777207,0.9286954638991396,0.0713045361008604
한식,0.6704307458740721,0.9395223367608206,0.06047766323917936
커피전문점,0.3717190069805495,0.7238674007238086,0.2761325992761914
의복/의류,0.5743371222115893,0.8613255800144047,0.13867441998559527
가전,0.6473131083617163,0.9037777059420616,0.09622229405793836
일반병원,0.5404171939702538,0.8509232326297089,0.14907676737029107
