지역,유형,업종,기간영향(억),유의항목수
강원 춘천시,폭염,LPG가스,1.0070092179910424,0
강원 춘천시,폭염,가구,2.808899779648882,0
강원 춘천시,폭염,가전,1.9802748578243496,0
강원 춘천시,폭염,게임방/오락실,-0.0009744357149400057,0
강원 춘천시,폭염,기타식품,-1.53015643830848,0
강원 춘천시,폭염,기타요식,8.928311255628081,0
강원 춘천시,폭염,기타유통,5.3122374008974305,0
강원 춘천시,폭염,기타의료,-4.2112100706977085,0
강원 춘천시,폭염,노래방,0.02283890913056881,0
강원 춘천시,폭염,농수산물,1.5493720505161246,0
강원 춘천시,폭염,동물병원,1.2365290942253506,0
강원 춘천시,폭염,"모텔,여관,기타숙박",1.1128553134050692,0
강원 춘천시,폭염,미용서비스,-0.33618540094694227,0
강원 춘천시,폭염,미용실,0.7025242029915008,0
강원 춘천시,폭염,사무기기/문구용품,-0.025650481381442557,0
강원 춘천시,폭염,생활잡화/수입상품점,4.221185311389442,0
강원 춘천시,폭염,서점,-0.4918674429851891,0
강원 춘천시,폭염,세탁소,-0.4949790022709587,0
강원 춘천시,폭염,스포츠/레저용품,5.916021967092545,0
강원 춘천시,폭염,스포츠시설,1.6039173187635387,0
강원 춘천시,폭염,시계/귀금속,-2.7799427154943093,0
강원 춘천시,폭염,실내/실외골프장,-1.6002616067689506,0
강원 춘천시,폭염,싸우나/목욕탕,0.030356837404434456,0
강원 춘천시,폭염,애완동물,0.010225410615965491,0
강원 춘천시,폭염,약국,-0.35086786315061624,0
강원 춘천시,폭염,양식,0.22456638070304313,0
강원 춘천시,폭염,연구/번역서비스,0.03317279357690984,0
강원 춘천시,폭염,예식장/결혼서비스,8.271745897757839,0
강원 춘천시,폭염,완구/아동용자전거,0.4883586461437891,0
강원 춘천시,폭염,유흥업소,-3.7492675640924062,0
강원 춘천시,폭염,의복/의류,3.2296438143361823,0
강원 춘천시,폭염,인테리어/건축자재/주방기구,7.9381316530461845,0
강원 춘천시,폭염,일반병원,-2.686081943633336,0
강원 춘천시,폭염,일식,1.8298662025090853,0
강원 춘천시,폭염,자동차서비스,-0.9436799593744667,0
강원 춘천시,폭염,자동차용품,11.844773243843049,0
강원 춘천시,폭염,장례식장/묘지/장의사,0.0823104283247848,0
강원 춘천시,폭염,정육점,-0.9400808742504336,0
강원 춘천시,폭염,제과점,-0.03423127177710436,0
강원 춘천시,폭염,종합레저타운/놀이동산,0.9292768377934056,0
강원 춘천시,폭염,종합병원,0.7556841476919978,0
강원 춘천시,폭염,주유소,7.855435247611912,0
강원 춘천시,폭염,중식,0.4684249952838967,0
강원 춘천시,폭염,치과병원,-16.5468716175711,0
강원 춘천시,폭염,커피전문점,3.8956070959238174,2
강원 춘천시,폭염,패션잡화,1.375400718442801,0
강원 춘천시,폭염,패스트푸드,0.24572472694200667,0
강원 춘천시,폭염,편의점,2.0498657035923125,0
강원 춘천시,폭염,학원/학습지,4.771230802048103,0
강원 춘천시,폭염,한식,1.4526357154058385,0
강원 춘천시,폭염,한의원,2.1204843391779575,0
강원 춘천시,폭염,할인점/슈퍼마켓/양판점,14.321945742214853,0
강원 춘천시,폭염,헬스장,0.30681505939984466,0
강원 춘천시,폭염,호텔/콘도,-1.2360184851763765,0
강원 춘천시,폭염,화원,0.4765109011028084,0
강원 춘천시,폭염,화장품,-0.28452478850784635,0
강원 춘천시,호우,LPG가스,-1.2106262813035613,1
강원 춘천시,호우,가구,-2.5346310867929076,0
강원 춘천시,호우,가전,-1.0566948161392247,0
강원 춘천시,호우,게임방/오락실,-0.014348116026837845,0
강원 춘천시,호우,기타식품,-3.1612550419156387,0
강원 춘천시,호우,기타요식,-9.81728574852897,1
강원 춘천시,호우,기타유통,-0.8341742022590433,0
강원 춘천시,호우,기타의료,6.753508690320128,0
강원 춘천시,호우,노래방,0.4255895635138521,0
강원 춘천시,호우,농수산물,-1.70968948884006,0
강원 춘천시,호우,동물병원,-0.07956570314183972,0
강원 춘천시,호우,"모텔,여관,기타숙박",-0.7109314075684005,0
강원 춘천시,호우,미용서비스,-0.39176701961475247,0
강원 춘천시,호우,미용실,-0.47039681636822284,0
강원 춘천시,호우,사무기기/문구용품,-0.06093468148196085,0
강원 춘천시,호우,생활잡화/수입상품점,-1.5702007834559892,0
강원 춘천시,호우,서점,-1.1894952570148567,1
강원 춘천시,호우,세탁소,-0.5025797953068448,1
강원 춘천시,호우,스포츠/레저용품,-1.3650293448135908,0
강원 춘천시,호우,스포츠시설,0.24883687305133745,0
강원 춘천시,호우,시계/귀금속,-1.577405450989732,0
강원 춘천시,호우,실내/실외골프장,-29.151585575339876,1
강원 춘천시,호우,싸우나/목욕탕,0.5513842484393118,1
강원 춘천시,호우,애완동물,-0.9963631401165723,1
강원 춘천시,호우,약국,-2.029680729452042,0
강원 춘천시,호우,양식,-1.1881746029788778,0
강원 춘천시,호우,연구/번역서비스,-0.9266070007598146,0
강원 춘천시,호우,예식장/결혼서비스,14.835454673415054,1
강원 춘천시,호우,완구/아동용자전거,-0.36437958418083205,1
강원 춘천시,호우,유흥업소,-1.904461300870215,0
강원 춘천시,호우,의복/의류,-1.6912721270598123,0
강원 춘천시,호우,인테리어/건축자재/주방기구,-5.149136089012646,0
강원 춘천시,호우,일반병원,-13.949600213589306,0
강원 춘천시,호우,일식,-2.951605795444064,1
강원 춘천시,호우,자동차서비스,-3.883955500276126,0
강원 춘천시,호우,자동차용품,12.757919633897554,0
강원 춘천시,호우,장례식장/묘지/장의사,-2.068482180475405,1
강원 춘천시,호우,정육점,-0.38128268042210095,0
강원 춘천시,호우,제과점,-0.692437682116783,0
강원 춘천시,호우,종합레저타운/놀이동산,-6.000937185541475,1
강원 춘천시,호우,종합병원,8.191208724112926,0
강원 춘천시,호우,주유소,-17.12078749530049,1
강원 춘천시,호우,중식,-0.48959986504802194,0
강원 춘천시,호우,치과병원,-5.215861127945701,0
강원 춘천시,호우,커피전문점,-1.4975265737343926,1
강원 춘천시,호우,패션잡화,-0.6536893728094633,0
강원 춘천시,호우,패스트푸드,-0.01890528992715313,0
강원 춘천시,호우,편의점,-5.459180426330188,1
강원 춘천시,호우,학원/학습지,1.384639028105248,0
강원 춘천시,호우,한식,-28.165248186065163,1
강원 춘천시,호우,한의원,-2.1337563274591504,0
강원 춘천시,호우,할인점/슈퍼마켓/양판점,-4.7686791077675466,0
강원 춘천시,호우,헬스장,1.1187782482478505,0
강원 춘천시,호우,호텔/콘도,-1.7968411173996324,0
강원 춘천시,호우,화원,-0.7920306667648428,1
강원 춘천시,호우,화장품,-0.31772782712074826,0
서울 강남구,폭염,LPG가스,-0.2955060034863227,0
서울 강남구,폭염,가구,-5.6341360201593105,0
서울 강남구,폭염,가전,-11.633510497700795,0
서울 강남구,폭염,게임방/오락실,-0.5647890564784013,0
서울 강남구,폭염,고속버스/철도/여객선,-10.283798350152539,0
서울 강남구,폭염,기타식품,-10.341799315372377,0
서울 강남구,폭염,기타요식,-135.30705833545346,0
서울 강남구,폭염,기타유통,-4.1476955607542525,0
서울 강남구,폭염,기타의료,-41.41790884736023,0
서울 강남구,폭염,노래방,-0.5217418520780555,0
서울 강남구,폭염,농수산물,-2.1846851559465055,0
서울 강남구,폭염,동물병원,-6.730868992085446,0
서울 강남구,폭염,"모텔,여관,기타숙박",-2.143158538685678,0
서울 강남구,폭염,문화용품,1.7868238265753158,0
서울 강남구,폭염,미용서비스,-6.95604756615587,0
서울 강남구,폭염,미용실,-37.08992552273908,0
서울 강남구,폭염,방문판매/다단계판매,-6.055861083366292,0
서울 강남구,폭염,백화점,-189.7620141494104,0
서울 강남구,폭염,사무기기/문구용품,-3.7848024799616313,0
서울 강남구,폭염,생활잡화/수입상품점,-14.053628036043046,0
서울 강남구,폭염,서점,2.2679233741253535,0
서울 강남구,폭염,스포츠/레저용품,9.240153175173091,0
서울 강남구,폭염,스포츠시설,-2.7350738361444993,0
서울 강남구,폭염,시계/귀금속,6.775620019005215,0
서울 강남구,폭염,애완동물,-1.9058236063710245,0
서울 강남구,폭염,약국,-61.850073695550975,0
서울 강남구,폭염,양식,-31.52115111491988,0
서울 강남구,폭염,여행사/항공사,-11.259344124010365,0
서울 강남구,폭염,연구/번역서비스,-7.786340036587712,0
서울 강남구,폭염,영화/공연,2.1981182218785458,0
서울 강남구,폭염,예식장/결혼서비스,36.25051482226853,0
서울 강남구,폭염,완구/아동용자전거,-3.535612012612959,0
서울 강남구,폭염,유흥업소,-14.092966386831026,0
서울 강남구,폭염,의복/의류,-141.96077105082966,0
서울 강남구,폭염,인테리어/건축자재/주방기구,-9.358148522554051,0
서울 강남구,폭염,일반병원,-251.98634168782758,0
서울 강남구,폭염,일식,-14.851129024829987,0
서울 강남구,폭염,자동차서비스,-12.203147855444643,0
서울 강남구,폭염,자동차용품,8.781175701583901,0
서울 강남구,폭염,장례식장/묘지/장의사,-3.7753514786087727,0
서울 강남구,폭염,정육점,-8.466272862779629,0
서울 강남구,폭염,제과점,-9.11589573842306,0
서울 강남구,폭염,종합병원,-188.4784085249054,1
서울 강남구,폭염,주류판매,-1.615160207049045,0
서울 강남구,폭염,주유소,4.7685333593570975,0
서울 강남구,폭염,주차장,-2.6462111969127764,0
서울 강남구,폭염,중식,-10.614412035028302,0
서울 강남구,폭염,치과병원,-133.94326144429283,0
서울 강남구,폭염,커피전문점,45.00266764685985,0
서울 강남구,폭염,패션잡화,-3.0361391247996594,0
서울 강남구,폭염,패스트푸드,-0.19981994615329873,0
서울 강남구,폭염,편의점,-4.453818934093124,0
서울 강남구,폭염,학원/학습지,-284.1961672154928,0
서울 강남구,폭염,한식,-49.804137731951286,0
서울 강남구,폭염,한의원,-22.916311668770405,0
서울 강남구,폭염,할인점/슈퍼마켓/양판점,-93.32294287471814,0
서울 강남구,폭염,헬스장,-9.017669487709394,0
서울 강남구,폭염,호텔/콘도,5.552560899696699,0
서울 강남구,폭염,화장품,3.129118861489033e-05,0
서울 강남구,폭염,회계/변리서비스,-1.8253917947780594,0
서울 강남구,호우,LPG가스,-1.1301662345762102,0
서울 강남구,호우,가구,-4.5444895576158375,0
서울 강남구,호우,가전,-12.819156361619111,0
서울 강남구,호우,게임방/오락실,-0.10399033911621564,0
서울 강남구,호우,고속버스/철도/여객선,-0.07227927882845628,0
서울 강남구,호우,기타식품,-11.399230475970011,0
서울 강남구,호우,기타요식,-55.27753672427326,0
서울 강남구,호우,기타유통,-5.404674785763632,0
서울 강남구,호우,기타의료,-153.58302789059658,0
서울 강남구,호우,노래방,0.4233942802475052,0
서울 강남구,호우,농수산물,-3.058546458087297,1
서울 강남구,호우,동물병원,-5.491277017045167,0
서울 강남구,호우,"모텔,여관,기타숙박",2.4552107947401396,0
서울 강남구,호우,문화용품,2.143362900064977,0
서울 강남구,호우,미용서비스,-5.583883643140073,0
서울 강남구,호우,미용실,-23.972822944648012,0
서울 강남구,호우,방문판매/다단계판매,-4.6973063531678925,0
서울 강남구,호우,백화점,-172.3262445521356,0
서울 강남구,호우,사무기기/문구용품,-1.8629147777858774,0
서울 강남구,호우,생활잡화/수입상품점,-0.4338582222587215,0
서울 강남구,호우,서점,1.3896881380887907,0
서울 강남구,호우,스포츠/레저용품,3.2719376976326684,0
서울 강남구,호우,스포츠시설,-0.3821026432215717,0
서울 강남구,호우,시계/귀금속,5.085997318081431,0
서울 강남구,호우,애완동물,-0.0853531019658163,0
서울 강남구,호우,약국,-41.94751961925748,0
서울 강남구,호우,양식,11.433366987773883,0
서울 강남구,호우,여행사/항공사,-7.751603894070804,0
서울 강남구,호우,연구/번역서비스,-1.9576624145141879,0
서울 강남구,호우,영화/공연,1.2361891553369926,0
서울 강남구,호우,예식장/결혼서비스,-45.362765825582706,0
서울 강남구,호우,완구/아동용자전거,3.1182925859662736,0
서울 강남구,호우,유흥업소,3.936888741289244,0
서울 강남구,호우,의복/의류,-55.19573549556357,0
서울 강남구,호우,인테리어/건축자재/주방기구,-6.076129423512796,0
서울 강남구,호우,일반병원,-350.233814636729,0
서울 강남구,호우,일식,-8.484001305752738,0
서울 강남구,호우,자동차서비스,-13.836415958224546,0
서울 강남구,호우,자동차용품,-0.9501096833996233,0
서울 강남구,호우,장례식장/묘지/장의사,-7.7062918330309955,0
서울 강남구,호우,정육점,-1.5634750265230017,0
서울 강남구,호우,제과점,-5.316471818299204,0
서울 강남구,호우,종합병원,-16.405582207588804,0
서울 강남구,호우,주류판매,-0.37671740832704464,0
서울 강남구,호우,주유소,-2.246323232037135,0
서울 강남구,호우,주차장,-0.8369800824840684,0
서울 강남구,호우,중식,-4.4695929535477354,0
서울 강남구,호우,치과병원,-102.17144760195136,0
서울 강남구,호우,커피전문점,11.33993049619121,0
서울 강남구,호우,패션잡화,1.57574001728657,0
서울 강남구,호우,패스트푸드,-0.5839238557367942,0
서울 강남구,호우,편의점,-7.068229805840404,0
서울 강남구,호우,학원/학습지,-55.42280713961228,0
서울 강남구,호우,한식,-14.294282669682584,0
서울 강남구,호우,한의원,-21.36575453763135,0
서울 강남구,호우,할인점/슈퍼마켓/양판점,-116.30338815928718,0
서울 강남구,호우,헬스장,-15.785101044611475,0
서울 강남구,호우,호텔/콘도,11.893921578000601,0
서울 강남구,호우,화장품,-9.411014193463798,0
서울 강남구,호우,회계/변리서비스,-0.43219892764135026,0
