지역,업종,유형,시간대,변화율,p,관측수,하한,상한
강원 춘천시,전체 상권,호우,00_05,-0.12079041235091281,0.008995900001650039,14,-0.20174123848985026,-0.03163042325812393
강원 춘천시,전체 상권,호우,06_11,-0.09068393610997005,0.0031539661408789012,17,-0.14629802265048952,-0.03144689131961842
강원 춘천시,전체 상권,폭염,12_17,0.0190915790701216,0.45256452532896874,24,-0.029976827067990208,0.07064209960314738
강원 춘천시,전체 상권,호우,12_17,-0.09398686922140942,0.001094761628427407,11,-0.14611022750829394,-0.03868178354227003
강원 춘천시,전체 상권,폭염,18_23,0.0004938051305860558,0.9828728817992808,11,-0.04360129456086792,0.046621924948208715
강원 춘천시,전체 상권,호우,18_23,-0.14251230208004584,5.00224540673577e-09,14,-0.18558589825299387,-0.09716058390099525
서울 강남구,전체 상권,호우,00_05,-0.022370382016837165,0.6333547016645835,12,-0.10915633960197169,0.07287026045723022
서울 강남구,전체 상권,폭염,06_11,0.046129602023606164,0.22637664758713505,12,-0.027580738316923092,0.1254272589540113
서울 강남구,전체 상권,호우,06_11,-0.10314715943246133,0.011471851515028946,12,-0.17573860017469045,-0.024162701535541564
서울 강남구,전체 상권,폭염,12_17,-0.004194407140625245,0.8254181576773659,33,-0.04069999418982717,0.03370037815493898
서울 강남구,전체 상권,호우,12_17,-0.24183143485496938,0.05034743171226599,7,-0.4254243024775084,0.00042444477313341444
서울 강남구,전체 상권,폭염,18_23,0.03254043287152153,0.4811754209822451,17,-0.05547980991592871,0.1287633199451379
서울 강남구,전체 상권,호우,18_23,-0.1441335811310105,0.002629480463495138,13,-0.22667430667071764,-0.052782891779949215
강원 춘천시,LPG가스,호우,00_05,-0.06808971929219931,0.15287291071442163,14,-0.1539784906738939,0.026518547951170257
강원 춘천시,LPG가스,호우,06_11,-0.028882648554512502,0.22768521848976575,17,-0.07404156058279954,0.01847865966000306
강원 춘천시,LPG가스,폭염,12_17,-0.033000248964698664,0.09804952726765699,24,-0.07069019072165028,0.006218280670546861
강원 춘천시,LPG가스,호우,12_17,-0.0702384258294998,0.025109424548097597,11,-0.1276450749840089,-0.009054044386623827
강원 춘천시,LPG가스,폭염,18_23,0.04058819319328988,0.17232160909290328,11,-0.01720212327267534,0.10177668618804203
강원 춘천시,LPG가스,호우,18_23,-0.12219604198035872,0.00021096497033201128,14,-0.1806713909053803,-0.05954731695941207
강원 춘천시,가구,호우,06_11,-0.10470171718909305,0.8319919116842074,16,-0.6777411084783564,1.4873138842480138
강원 춘천시,가구,폭염,12_17,0.5140129572968275,0.24300515938049871,24,-0.2453770173085833,2.037590011752975
강원 춘천시,가구,호우,12_17,-0.016361176531881294,0.9704350582906589,10,-0.5888873743656995,1.3534799826225998
강원 춘천시,가전,호우,06_11,0.15641342821862558,0.6068164552685402,17,-0.3351255285056721,1.0113451099404456
강원 춘천시,가전,폭염,12_17,0.14034863921325824,0.2366193586311911,24,-0.08256426680938433,0.41742355558037403
강원 춘천시,가전,호우,12_17,-0.46763861971849074,0.05077043797847673,11,-0.7171930198073184,0.0021274546411205186
강원 춘천시,가전,폭염,18_23,0.365797217273125,0.27012208095637735,11,-0.21519631443359466,1.3769027503543398
강원 춘천시,가전,호우,18_23,-0.260384118955724,0.4044338524006793,12,-0.6360388748390509,0.5029947257443905
강원 춘천시,게임방/오락실,호우,00_05,-0.041182329154969555,0.38254072780141857,14,-0.12754798254696564,0.0537328214433046
강원 춘천시,게임방/오락실,호우,06_11,-0.05315975352416391,0.6893754992351832,17,-0.27565389900815307,0.2376769214590042
강원 춘천시,게임방/오락실,폭염,12_17,-0.03932172785993615,0.3207379788351523,24,-0.11245970529323823,0.03984320268742314
강원 춘천시,게임방/오락실,호우,12_17,0.13611253618952723,0.009870841970202392,11,0.031154051617345413,0.25175447147056307
강원 춘천시,게임방/오락실,폭염,18_23,-0.07402980989437735,0.04135689177846784,11,-0.13999119938157034,-0.003009280430997463
강원 춘천시,게임방/오락실,호우,18_23,0.029824314596877732,0.5569626184709684,14,-0.06637406380373534,0.13593472269603413
강원 춘천시,기타식품,호우,00_05,-0.15277465725733397,0.5590099157728072,14,-0.5141738591106764,0.47746430455859
강원 춘천시,기타식품,호우,06_11,-0.03715509204229872,0.49787881183877547,17,-0.13700507765458703,0.07424770734515995
강원 춘천시,기타식품,폭염,12_17,-0.011000138302760365,0.7683886134778639,24,-0.0811943363428842,0.06455670129845736
강원 춘천시,기타식품,호우,12_17,-0.03840647634817573,0.36704983262471,11,-0.11685191058456357,0.04700685628066492
강원 춘천시,기타식품,폭염,18_23,0.07120040741890721,0.16795262942362799,11,-0.02857541328274482,0.18122428497727316
강원 춘천시,기타식품,호우,18_23,-0.20093366559717618,8.86011854852408e-07,14,-0.2693017722557822,-0.12616866644505398
강원 춘천시,기타요식,호우,00_05,-0.0016990828433930405,0.9731373017652024,14,-0.09577829362785295,0.10216854359118188
강원 춘천시,기타요식,호우,06_11,-0.121129585171452,2.795619344766103e-05,17,-0.1726469075775967,-0.06640440081107468
강원 춘천시,기타요식,폭염,12_17,0.06431875275888599,0.007225792629986458,24,0.016995659400670382,0.11384389599242772
강원 춘천시,기타요식,호우,12_17,-0.11704370592774849,2.4450959750452382e-05,11,-0.16664649836553003,-0.06448846052396873
강원 춘천시,기타요식,폭염,18_23,0.008686933424281618,0.7209166472779628,11,-0.03806315918160763,0.057709078690925564
강원 춘천시,기타요식,호우,18_23,-0.12869463319522345,7.955982392998274e-17,14,-0.15647874184026722,-0.09999536481267213
강원 춘천시,기타유통,호우,06_11,-0.1410640198814409,0.2910937507133651,17,-0.3523264944566391,0.1391094612142305
강원 춘천시,기타유통,폭염,12_17,0.18602440547367172,0.19951733418823658,24,-0.08610417953289662,0.5391840720534407
강원 춘천시,기타유통,호우,12_17,-0.22818125337184236,0.018593478973708832,11,-0.37792733101230447,-0.04238812064182951
강원 춘천시,기타유통,폭염,18_23,-0.019796314971933016,0.9500797792392377,11,-0.47584453865780185,0.8330425513115816
강원 춘천시,기타유통,호우,18_23,-0.20929390279372628,0.47483172722604317,14,-0.5847524362787847,0.5056467196492176
강원 춘천시,기타의료,호우,06_11,0.1407941429277857,0.6630542244249259,17,-0.3692460153585604,1.0632628698780962
강원 춘천시,기타의료,폭염,12_17,0.221429252012739,0.5168983792578824,24,-0.33292796633525734,1.2364742372368642
강원 춘천시,기타의료,호우,12_17,0.33978812553412796,0.3870297660840638,11,-0.30945663844550675,1.5994489575302357
강원 춘천시,노래방,호우,00_05,-0.042989550204700744,0.7370279953232007,14,-0.25949458495318023,0.2368160750850059
강원 춘천시,노래방,호우,06_11,0.4070612154273503,0.25936337059026804,15,-0.22271101506762303,1.5470851926869051
강원 춘천시,노래방,폭염,12_17,0.03299624577016047,0.698476660798437,24,-0.1234758951430126,0.21740091101014203
강원 춘천시,노래방,호우,12_17,-0.09795721584096917,0.26772242175322014,11,-0.24829210419556225,0.08244331208283717
강원 춘천시,노래방,폭염,18_23,-0.02014090865411322,0.6672493815834066,11,-0.10694278843790361,0.07509779492601654
강원 춘천시,노래방,호우,18_23,0.016913858745495558,0.8259091907870196,14,-0.12426146764150348,0.1808476593163355
강원 춘천시,농수산물,호우,06_11,-0.04786258157244283,0.673481516198767,17,-0.242082033833095,0.19612636728320232
강원 춘천시,농수산물,폭염,12_17,0.1692349293565174,0.0006436304500937099,24,0.06881395780167199,0.27909100554712274
강원 춘천시,농수산물,호우,12_17,-0.24351621176121774,0.038499742783468634,11,-0.4192198058437986,-0.014656960367717353
강원 춘천시,농수산물,폭염,18_23,0.2066646631443163,0.210602372438508,11,-0.10080461294054965,0.619269438250488
강원 춘천시,농수산물,호우,18_23,-0.3047655426705178,6.255697794886667e-06,14,-0.4062030865004519,-0.18599955697043646
강원 춘천시,동물병원,호우,06_11,0.09821120184183796,0.27564485010574546,17,-0.07202481493590385,0.2996768267759118
강원 춘천시,동물병원,폭염,12_17,-0.11036113070104325,0.3931390425054051,24,-0.31978414122835697,0.16353846732824917
강원 춘천시,동물병원,호우,12_17,-0.08132223090182611,0.47399771485585573,11,-0.271677700972494,0.15878484643695367
강원 춘천시,동물병원,폭염,18_23,0.059749926501805106,0.7995450356083773,11,-0.32287093693278746,0.6585758431832431
강원 춘천시,동물병원,호우,18_23,0.11950787299909305,0.7490325763892122,14,-0.4393958674346853,1.2356201192664855
강원 춘천시,"모텔,여관,기타숙박",호우,00_05,0.0465403138098035,0.713270466550402,14,-0.17892759204351372,0.3339220972666832
강원 춘천시,"모텔,여관,기타숙박",호우,06_11,0.40875245189031273,0.03789199466827608,17,0.019337075420660987,0.9469354333923032
강원 춘천시,"모텔,여관,기타숙박",폭염,12_17,-0.0042756359577487135,0.9633127428777641,24,-0.17044599701896912,0.19518079062300342
강원 춘천시,"모텔,여관,기타숙박",호우,12_17,-0.06619556404966676,0.6658730651291187,11,-0.3156955076227428,0.27427297981231336
강원 춘천시,"모텔,여관,기타숙박",폭염,18_23,-0.08361462755650029,0.6647446044136454,11,-0.3825952536724492,0.3601485181697872
강원 춘천시,"모텔,여관,기타숙박",호우,18_23,-0.18017710840961754,0.009779382278132619,14,-0.2948789406018433,-0.04681676342317309
강원 춘천시,미용서비스,폭염,12_17,1.0161246533321404,0.003498860460167253,24,0.25928596294014516,2.227828100524014
강원 춘천시,미용서비스,호우,12_17,-0.07922207007923232,0.8190777535756665,11,-0.5460604354664232,0.867719984047485
강원 춘천시,미용서비스,폭염,18_23,0.9829609768466205,0.13930824782631102,9,-0.19990753582760556,3.9145997641208305
강원 춘천시,미용서비스,호우,18_23,-0.22422780740483328,0.361318782252382,13,-0.5502393574412153,0.3380950618089109
강원 춘천시,미용실,호우,06_11,0.05363246543346212,0.5846587672160046,17,-0.1263666305943265,0.27071768443393696
강원 춘천시,미용실,폭염,12_17,0.0311577403982517,0.615302213632614,24,-0.08514436251624657,0.16224488544195115
강원 춘천시,미용실,호우,12_17,-0.2309980026128774,0.1662110122884778,11,-0.4698047074633793,0.11537028017754114
강원 춘천시,미용실,폭염,18_23,0.10878204209868958,0.23046928975897452,11,-0.06341855715112477,0.31264357869507053
강원 춘천시,미용실,호우,18_23,-0.0975836606292757,0.45216045761467116,14,-0.3095181568348667,0.17940139574169778
강원 춘천시,사무기기/문구용품,호우,06_11,-0.04677756071731898,0.760805763014794,17,-0.29977390005287174,0.29762803588816866
강원 춘천시,사무기기/문구용품,폭염,12_17,-0.02454300645192098,0.8040476151540497,24,-0.1984030114161046,0.1870258494144419
강원 춘천시,사무기기/문구용품,호우,12_17,-0.1548237158891127,0.07499405606898832,11,-0.2976883489509725,0.01710252158926706
강원 춘천시,사무기기/문구용품,폭염,18_23,-0.1148120760866671,0.14898753065260523,11,-0.24993208092111396,0.04464894539715436
강원 춘천시,사무기기/문구용품,호우,18_23,-0.1947262485175968,0.031040308223926952,14,-0.3386068358733251,-0.01954563488299943
강원 춘천시,생활잡화/수입상품점,호우,06_11,-0.15309392526220922,0.0757321866962527,17,-0.2949918031437777,0.017363915236927152
강원 춘천시,생활잡화/수입상품점,폭염,12_17,0.15653213428172408,0.06208066236500504,24,-0.007321907036988873,0.3474323520465561
강원 춘천시,생활잡화/수입상품점,호우,12_17,-0.2269106201507427,4.021045153950882e-05,11,-0.31627792200984706,-0.12586238111164683
강원 춘천시,생활잡화/수입상품점,폭염,18_23,0.06520938271648502,0.4807668852557232,11,-0.10634606021859072,0.26969845766559186
강원 춘천시,생활잡화/수입상품점,호우,18_23,-0.24533460973284382,8.044179579533518e-05,14,-0.34387071821523674,-0.13200055678370937
강원 춘천시,서점,호우,06_11,-0.016069732120188696,0.9367112659175107,17,-0.34037606151749233,0.4676828956166068
강원 춘천시,서점,폭염,12_17,0.08715981139401308,0.6082576481879065,24,-0.2102127298844746,0.49649975408869595
강원 춘천시,서점,호우,12_17,-0.16340640454134114,0.2974339357356919,11,-0.4019220231473861,0.17023008880148383
강원 춘천시,서점,폭염,18_23,-0.016508699320819553,0.8395424742988387,11,-0.1628775718478549,0.15545242366368628
강원 춘천시,서점,호우,18_23,-0.024364065181570305,0.9085633319777566,14,-0.3595616053114694,0.48627172449890277
강원 춘천시,세탁소,호우,00_05,-0.03768397192712358,0.8688142195831234,12,-0.38997132372611454,0.5180468950121719
강원 춘천시,세탁소,호우,06_11,-0.1881046876161402,0.07176595584059331,17,-0.35287457780323606,0.018618610335567887
강원 춘천시,세탁소,폭염,12_17,-0.19035733573765867,0.01824580543622379,24,-0.3205627451555847,-0.035199734603998944
강원 춘천시,세탁소,호우,12_17,-0.324664735760112,8.079690249764806e-06,11,-0.43160387995298233,-0.1976058543674919
강원 춘천시,세탁소,폭염,18_23,0.2958111819189009,0.22172907208350956,11,-0.1448849959585028,0.9636266598645413
강원 춘천시,세탁소,호우,18_23,-0.34193244889896934,2.7875465262917433e-05,14,-0.4589165376478981,-0.19965600144270368
강원 춘천시,스포츠/레저용품,호우,06_11,0.02153909858116876,0.8604301928572631,17,-0.1944613936579349,0.2954588665448712
강원 춘천시,스포츠/레저용품,폭염,12_17,0.12916246332363324,0.21935980897259322,24,-0.06981726469333205,0.3707068731594372
강원 춘천시,스포츠/레저용품,호우,12_17,-0.10628685432627938,0.09440826087704006,11,-0.21655164660995663,0.019496924454404985
강원 춘천시,스포츠/레저용품,폭염,18_23,0.0009987006294380762,0.9914187086028071,11,-0.16549002011746383,0.2007027151465135
강원 춘천시,스포츠/레저용품,호우,18_23,-0.16531035902193958,0.031717917139784085,14,-0.292190009738415,-0.01568668662249062
강원 춘천시,스포츠시설,호우,00_05,0.00319161684342939,0.9854898213006167,14,-0.28839159157942806,0.41425172636540775
강원 춘천시,스포츠시설,호우,06_11,0.32127272054272815,0.18207250142589337,17,-0.12244199001717082,0.9893403993709091
강원 춘천시,스포츠시설,폭염,12_17,-0.11680160577582632,0.4098765145023464,24,-0.3426940714716439,0.18672199611312057
강원 춘천시,스포츠시설,호우,12_17,0.08759064237271574,0.46134251555141825,11,-0.13015783167218686,0.3598483132297634
강원 춘천시,스포츠시설,폭염,18_23,0.05259527650221396,0.32344433897821045,11,-0.049236585839866454,0.16533387761191576
강원 춘천시,스포츠시설,호우,18_23,-0.006349882775497417,0.9420341796912218,14,-0.16312272462583344,0.1797913320311264
강원 춘천시,시계/귀금속,호우,06_11,0.13701581926701656,0.7911502549711782,17,-0.5604380004124572,1.941120875954999
강원 춘천시,시계/귀금속,폭염,12_17,-0.27121149218891594,0.1459903867497415,24,-0.524262539575761,0.11644075420058098
강원 춘천시,시계/귀금속,호우,12_17,-0.15886689934041898,0.46247479414863346,11,-0.4697954951417026,0.33440000328606945
강원 춘천시,시계/귀금속,폭염,18_23,-0.41468083733059413,0.001067259488929733,11,-0.5753187841271372,-0.1932807259114131
강원 춘천시,시계/귀금속,호우,18_23,-0.3549761891449489,0.21160388074828962,14,-0.6758160681395221,0.2833940108698376
강원 춘천시,실내/실외골프장,호우,00_05,-0.29688026226923314,0.19486561054602947,14,-0.5871981610942895,0.19761425214848627
강원 춘천시,실내/실외골프장,호우,06_11,-0.550573563257992,0.00016052467303992958,17,-0.7033265378435549,-0.3191702399855848
강원 춘천시,실내/실외골프장,폭염,12_17,-0.05500026125675228,0.5109391214610262,24,-0.20167445296078668,0.11862198264455848
강원 춘천시,실내/실외골프장,호우,12_17,-0.5995215729204817,0.00010922684441881262,11,-0.7480839555252241,-0.3633475355233122
강원 춘천시,실내/실외골프장,폭염,18_23,-0.1287178097090863,0.011151750381185719,11,-0.21667116093998406,-0.030888922678908637
강원 춘천시,실내/실외골프장,호우,18_23,-0.5592313034617927,0.018799286490787524,14,-0.7774628069504033,-0.12699067879097492
강원 춘천시,싸우나/목욕탕,호우,00_05,0.3820080441852176,0.18838318812390809,14,-0.14662402580915046,1.2381064055659818
강원 춘천시,싸우나/목욕탕,호우,06_11,0.22954049925065179,0.04277117548705109,17,0.0067481394472690415,0.5016365862146444
강원 춘천시,싸우나/목욕탕,폭염,12_17,-0.05607168210064184,0.4947197726599707,24,-0.2001604556553156,0.11397426600396021
강원 춘천시,싸우나/목욕탕,호우,12_17,0.22060051251047286,0.002172169871361809,11,0.07454082922039529,0.3865137281212123
강원 춘천시,싸우나/목욕탕,폭염,18_23,-0.005180194899404689,0.9615323530157247,11,-0.19446890806927275,0.22858875906120102
강원 춘천시,싸우나/목욕탕,호우,18_23,0.0335355320456181,0.7713943828843219,14,-0.17265022845288114,0.29110532538532685
강원 춘천시,애완동물,호우,06_11,-0.37232850618301927,0.0009110417739474593,17,-0.5233487375872644,-0.17345964394132363
강원 춘천시,애완동물,폭염,12_17,0.16009297481601692,0.1576001645768781,24,-0.055840130340881755,0.42541083715342864
강원 춘천시,애완동물,호우,12_17,-0.13538995880453064,0.022280854352853433,11,-0.23679771362489077,-0.020508013823461346
강원 춘천시,애완동물,폭염,18_23,0.12972868240431557,0.6148460710314343,11,-0.29753779736107566,0.8168762547684303
강원 춘천시,애완동물,호우,18_23,-0.35651254265387755,0.00033094197197536355,14,-0.49417023423546624,-0.18139236599506048
강원 춘천시,약국,호우,06_11,0.041690774423027044,0.5051532552740451,17,-0.07622523470456766,0.17465827199881767
강원 춘천시,약국,폭염,12_17,0.00030491883880134907,0.990940150840043,24,-0.05097404537952899,0.054354652558748384
강원 춘천시,약국,호우,12_17,-0.09762770013384137,0.008458562940747087,11,-0.16405545887372786,-0.025921305175744203
강원 춘천시,약국,폭염,18_23,0.005861287068616106,0.9152166588734949,11,-0.09674475439036812,0.12012294834830461
강원 춘천시,약국,호우,18_23,-0.24956105296152398,9.089901062736666e-08,14,-0.32456192436574216,-0.16623205953648257
강원 춘천시,양식,호우,00_05,-0.17528857163991696,0.08023016386760637,13,-0.33545322927900134,0.02347791010977618
강원 춘천시,양식,호우,06_11,-0.07829997489415441,0.2893245308978667,17,-0.20733564360696932,0.07174105840440914
강원 춘천시,양식,폭염,12_17,0.07691898992444712,0.1962708998496293,24,-0.0375683765224053,0.20502535719815795
강원 춘천시,양식,호우,12_17,-0.05151307096906543,0.4177783453171656,11,-0.16541186728333623,0.07792984260890479
강원 춘천시,양식,폭염,18_23,-0.013798313924083483,0.660571620353342,11,-0.07310136614678098,0.04929895254651728
강원 춘천시,양식,호우,18_23,-0.14250383290222024,0.006176647615793231,14,-0.2318592503508441,-0.04275397845612594
강원 춘천시,연구/번역서비스,호우,06_11,-0.529167958624075,0.07831658584542502,17,-0.7964509471345504,0.08908790321298188
강원 춘천시,연구/번역서비스,폭염,12_17,0.08577612202839324,0.7403665541481537,24,-0.332669501697614,0.7666055877350586
강원 춘천시,연구/번역서비스,호우,12_17,-0.5662968474202461,0.016509339144052573,11,-0.7809286847542514,-0.14138268469053927
강원 춘천시,예식장/결혼서비스,폭염,12_17,0.7738193534018767,0.03072932080442658,22,0.05464364202210903,1.9834106736473283
강원 춘천시,예식장/결혼서비스,호우,12_17,0.09926583553718316,0.7598795177025565,10,-0.4008723196887709,1.0169079428136936
강원 춘천시,완구/아동용자전거,호우,00_05,-0.12426063229653106,0.6406422375603905,14,-0.4983289887872059,0.5287298309137636
강원 춘천시,완구/아동용자전거,호우,06_11,-0.22478548843686363,0.5240036562975611,17,-0.645773605522078,0.6965351772382629
강원 춘천시,완구/아동용자전거,폭염,12_17,0.33585181959437427,0.03824724877185993,24,0.01580172590599771,0.7567405512350331
강원 춘천시,완구/아동용자전거,호우,12_17,-0.11096512014442961,0.3400852219358985,11,-0.30181300187565063,0.13205061068616253
강원 춘천시,완구/아동용자전거,폭염,18_23,-0.0895275865413323,0.3135722643714859,11,-0.2413454840761634,0.09267129934605522
강원 춘천시,완구/아동용자전거,호우,18_23,-0.2697905807779972,0.03125015687118091,14,-0.45148801173066344,-0.027904936767373156
강원 춘천시,유흥업소,호우,00_05,-0.3530958678793187,2.8758805181488932e-05,14,-0.4725174073029156,-0.20663740955877585
강원 춘천시,유흥업소,폭염,18_23,-0.20646976933533823,0.17780464730575507,11,-0.43313595984123554,0.110831138278503
강원 춘천시,유흥업소,호우,18_23,-0.03047065038972785,0.8606178591462275,14,-0.31364703391955273,0.3695390072016407
강원 춘천시,의복/의류,호우,06_11,-0.4977762825384754,1.593111120736559e-06,17,-0.6209095106633749,-0.33464787570310417
강원 춘천시,의복/의류,폭염,12_17,0.043598792497997474,0.6600435336327117,24,-0.13712603101797838,0.26217556543992826
강원 춘천시,의복/의류,호우,12_17,-0.12682676266436055,0.046740385359455995,11,-0.23607760396446886,-0.0019516296996493487
강원 춘천시,의복/의류,폭염,18_23,0.393093608448283,0.00020540993595598214,11,0.1693963044867084,0.6595826363170423
강원 춘천시,의복/의류,호우,18_23,-0.450786047837913,4.892663420223065e-05,14,-0.5887356232905813,-0.26656432618130244
강원 춘천시,인테리어/건축자재/주방기구,호우,06_11,-0.1619700741118354,0.1264308229368478,17,-0.3318961121770875,0.051175078433719046
강원 춘천시,인테리어/건축자재/주방기구,폭염,12_17,0.1359715680000213,0.3840385961212578,24,-0.1474885229567795,0.5136821474592357
강원 춘천시,인테리어/건축자재/주방기구,호우,12_17,-0.07468421042280526,0.6424512153174755,11,-0.333226536752257,0.28410825810375484
강원 춘천시,인테리어/건축자재/주방기구,폭염,18_23,0.022690979576212245,0.953308772879463,11,-0.5174351633587451,1.1673706003657407
강원 춘천시,인테리어/건축자재/주방기구,호우,18_23,-0.11122080772959642,0.735675440445859,13,-0.5517765878087942,0.7623542883472998
강원 춘천시,일반병원,호우,06_11,0.02519585300379812,0.7485102123608087,17,-0.11947899063342504,0.19364163470928175
강원 춘천시,일반병원,폭염,12_17,0.11621836244967843,0.20369116464554526,24,-0.057846588875165694,0.3224422031039649
강원 춘천시,일반병원,호우,12_17,-0.19572123651267992,0.0751782466236322,11,-0.36728080070730273,0.02235609433032515
강원 춘천시,일반병원,폭염,18_23,-0.07953230644735454,0.6731039097183368,11,-0.37367226115212515,0.3527434956539792
강원 춘천시,일반병원,호우,18_23,0.41840605955629595,0.07812880684941835,14,-0.03859125359345483,1.0926330838010379
강원 춘천시,일식,호우,00_05,-0.030739914424676162,0.8901384105144869,14,-0.3776514945946393,0.5095482761344026
강원 춘천시,일식,호우,06_11,-0.21493116274753865,0.0012235847703043002,17,-0.32204299374939194,-0.09089651181051006
강원 춘천시,일식,폭염,12_17,0.09720985606332944,0.050735097851900085,24,-0.00029846025456026215,0.2042288827013916
강원 춘천시,일식,호우,12_17,-0.19873634604488688,0.013244116961041504,11,-0.3275823584291052,-0.045201369717768114
강원 춘천시,일식,폭염,18_23,-0.08134241637711725,0.10618830820691749,11,-0.17119611055268025,0.018252649020025435
강원 춘천시,일식,호우,18_23,-0.29017185299372883,3.2384863882325836e-05,14,-0.3961122590738716,-0.16564625486578388
강원 춘천시,자동차서비스,호우,06_11,0.1161187310606362,0.37931696328375164,17,-0.12633636870236065,0.42585885139130064
강원 춘천시,자동차서비스,폭염,12_17,0.29139076718671,0.009788834528742376,24,0.06363548566587118,0.567915076217159
강원 춘천시,자동차서비스,호우,12_17,-0.2390927089743331,0.06399175236027328,11,-0.4301515083831752,0.016024283741254752
강원 춘천시,자동차서비스,폭염,18_23,0.004705429690856189,0.9841096078778985,11,-0.36699316640093116,0.594663670076014
강원 춘천시,자동차서비스,호우,18_23,-0.4483178085728955,0.0731208531049673,13,-0.7121453876461281,0.0573158368004818
강원 춘천시,자동차용품,호우,06_11,0.07246767199950477,0.6955828637897759,17,-0.24458168201817465,0.5225827599162216
강원 춘천시,자동차용품,폭염,12_17,0.4506306740594628,0.03179259516933267,24,0.032932437913372414,1.0372381341544163
강원 춘천시,자동차용품,호우,12_17,-0.15513036837501848,0.5336744676645455,11,-0.5031267555826084,0.43659314012591555
강원 춘천시,자동차용품,폭염,18_23,-0.2358729170411682,0.7389106558481289,8,-0.8429265149032449,2.7173059383734
강원 춘천시,자동차용품,호우,18_23,0.0275872322175843,0.9408011654921805,12,-0.4989382775360355,1.1073961000733523
강원 춘천시,장례식장/묘지/장의사,호우,06_11,-0.7430412451603186,0.0011618915900935309,14,-0.8868239322419503,-0.41659219129334646
강원 춘천시,장례식장/묘지/장의사,폭염,12_17,-0.4037192027419466,0.3126550298347607,23,-0.7814513378907456,0.6268724125199943
강원 춘천시,장례식장/묘지/장의사,호우,12_17,-0.5021555812353022,0.40720680352087335,7,-0.9043296174035541,1.590656152600849
강원 춘천시,정육점,호우,06_11,-0.2662662010492426,0.055013126529291155,17,-0.46520423336037864,0.006674549997876866
강원 춘천시,정육점,폭염,12_17,-0.07535796599574374,0.4976496929220289,24,-0.2627135845786096,0.15960754621917284
강원 춘천시,정육점,호우,12_17,0.17722140362110528,0.10172813057887052,11,-0.03173417270106682,0.4312704156973113
강원 춘천시,정육점,폭염,18_23,0.09767896069205984,0.5079044108322794,11,-0.1669753464836855,0.446414695723532
강원 춘천시,정육점,호우,18_23,-0.1941926809522332,0.0020407855850811457,14,-0.29750695280174955,-0.07568418218422124
강원 춘천시,제과점,호우,06_11,-0.07674465714879142,0.029638815161328984,17,-0.14084811255964347,-0.007858283774674901
강원 춘천시,제과점,폭염,12_17,0.005561598413889257,0.9125412808572918,24,-0.08919501971892452,0.11017632764003182
강원 춘천시,제과점,호우,12_17,-0.04522374988247979,0.29290876862070137,11,-0.12411425384197383,0.04077237446447057
강원 춘천시,제과점,폭염,18_23,-0.017137718754667297,0.43721521822359377,11,-0.05907951366788666,0.02667364344515666
강원 춘천시,제과점,호우,18_23,-0.1555209091392039,0.00047364096392859867,14,-0.23189133518289118,-0.07155723198242969
강원 춘천시,종합레저타운/놀이동산,호우,06_11,-0.3420556695784398,0.05603385298244223,17,-0.5717530715380617,0.010843775315833248
강원 춘천시,종합레저타운/놀이동산,폭염,12_17,0.18178125806876566,0.47049373345755097,24,-0.24918392286093938,0.8601185888883478
강원 춘천시,종합레저타운/놀이동산,호우,12_17,-0.4388331424412152,0.00696927573266868,11,-0.631160654057145,-0.1462184132839479
강원 춘천시,종합레저타운/놀이동산,폭염,18_23,-0.12970495867893084,0.1601945728007802,11,-0.28308890016791133,0.0564956507514518
강원 춘천시,종합레저타운/놀이동산,호우,18_23,-0.5622469740244952,0.04065087181846634,14,-0.8015190449278263,-0.03452846807881693
강원 춘천시,종합병원,호우,00_05,-0.032458604333440944,0.9185288560372695,13,-0.4858700293109789,0.8208165360868029
강원 춘천시,종합병원,호우,06_11,0.11269203846184572,0.5314946158413933,17,-0.20363566748841666,0.554669793600242
강원 춘천시,종합병원,폭염,12_17,-0.014993331159316892,0.9612069114144836,24,-0.46413085830806233,0.8105878136539408
강원 춘천시,종합병원,호우,12_17,0.1987046134895072,0.029918386381410065,11,0.017783936270524547,0.41178564447209554
강원 춘천시,종합병원,폭염,18_23,0.38565710950806453,0.05335525078652465,11,-0.004710133979207276,0.9291320957648856
강원 춘천시,종합병원,호우,18_23,0.10397558994705713,0.6738717753256194,14,-0.30356243271597416,0.7499947740497308
강원 춘천시,주유소,호우,00_05,-0.050946727363806565,0.2632564861796587,14,-0.1340278700827039,0.04010519875216967
강원 춘천시,주유소,호우,06_11,-0.1505822975519594,9.384532139626113e-11,17,-0.1915163133862906,-0.10757576784991696
강원 춘천시,주유소,폭염,12_17,0.03435265180832614,0.12111430421295308,24,-0.008891348983096292,0.07948347257910182
강원 춘천시,주유소,호우,12_17,-0.1375468151154603,5.1847085916502386e-08,11,-0.1822847952083917,-0.09036117738932448
강원 춘천시,주유소,폭염,18_23,0.062121860248619765,0.00037461543406456377,11,0.02743182765412766,0.09798316117354178
강원 춘천시,주유소,호우,18_23,-0.19372915344454056,8.312485198541093e-11,14,-0.2444574291752205,-0.13959490423469756
강원 춘천시,중식,호우,06_11,-0.03687230265812369,0.2965401950144847,17,-0.10247080141268727,0.03352065074552035
강원 춘천시,중식,폭염,12_17,0.03568401551006217,0.162377091563637,24,-0.014026674212314627,0.08790101306860687
강원 춘천시,중식,호우,12_17,-0.03588540781426364,0.5600270780493308,11,-0.14738639734271397,0.09019718189869708
강원 춘천시,중식,폭염,18_23,0.14957595379515842,1.3772239158910433e-05,11,0.07955556045996248,0.22413789706292708
강원 춘천시,중식,호우,18_23,-0.030476743381762983,0.5010701889668356,14,-0.11406861445757699,0.06100242125197952
강원 춘천시,치과병원,호우,06_11,-0.056399314335958795,0.7598658253579512,17,-0.3496906700665535,0.3691672762510907
강원 춘천시,치과병원,폭염,12_17,-0.2682034977995973,0.061595891913547064,24,-0.4725361917542825,0.015285053232070744
강원 춘천시,치과병원,호우,12_17,-0.2574459534642429,0.306826639316634,11,-0.5804479440750786,0.31422669544800796
강원 춘천시,커피전문점,호우,06_11,-0.22751322552267583,4.3604642648143315e-08,17,-0.2956939367348991,-0.1527322454445933
강원 춘천시,커피전문점,폭염,12_17,0.10085385318646445,1.9423379193460112e-07,24,0.06173275742053974,0.14141642292333922
강원 춘천시,커피전문점,호우,12_17,-0.17212305498601066,1.5214349758251e-08,11,-0.22454998729729903,-0.11615162182160765
강원 춘천시,커피전문점,폭염,18_23,0.06747736603929311,0.09961271285657737,11,-0.012345158554980529,0.15375116810949252
강원 춘천시,커피전문점,호우,18_23,-0.2464502768014677,1.7833207482396283e-11,14,-0.306120281921742,-0.18164896517620632
강원 춘천시,패션잡화,호우,06_11,-0.27562410432802753,0.016648620222820897,17,-0.44366973846404956,-0.056818450281866495
강원 춘천시,패션잡화,폭염,12_17,0.16430047203657216,0.015137166098134622,24,0.029811766484166835,0.3163527872794285
강원 춘천시,패션잡화,호우,12_17,-0.2831330734851678,0.06146161816707876,11,-0.494253903933656,0.016118946498814735
강원 춘천시,패션잡화,폭염,18_23,0.2826883126469124,0.11444991004770633,11,-0.058394356884123755,0.7473231170923536
강원 춘천시,패션잡화,호우,18_23,-0.25729419391844555,0.022269040387259027,14,-0.4245019634886439,-0.04150513226578689
강원 춘천시,패스트푸드,호우,00_05,-0.06988932508508339,0.42792460362442675,14,-0.22243041689254806,0.1125767859043596
강원 춘천시,패스트푸드,호우,06_11,0.015372839895279267,0.598052012926038,17,-0.040613537359522334,0.07462638273994138
강원 춘천시,패스트푸드,폭염,12_17,0.01700453247414746,0.39055839341290033,24,-0.021397317063143184,0.05691332867487775
강원 춘천시,패스트푸드,호우,12_17,-0.0009016125405252318,0.9861448636518388,11,-0.09761083807958926,0.10617195988903294
강원 춘천시,패스트푸드,폭염,18_23,0.022786827929905717,0.6550325935193199,11,-0.07347215562592468,0.129046365674651
강원 춘천시,패스트푸드,호우,18_23,-0.07825545678772583,0.03155633779187992,14,-0.14424710905120364,-0.0071748375870339665
강원 춘천시,편의점,호우,00_05,-0.0988625259796998,9.237257435267307e-09,14,-0.13030883837059948,-0.06627917712503595
강원 춘천시,편의점,호우,06_11,-0.09962394415982145,2.0293250664820058e-11,17,-0.12682963087226862,-0.07157059997334059
강원 춘천시,편의점,폭염,12_17,0.013310218736408919,0.30777013333624303,24,-0.012113585218341494,0.039388318365093156
강원 춘천시,편의점,호우,12_17,-0.029739979535519656,0.3286987733651947,11,-0.08677700908458097,0.030859403099417815
강원 춘천시,편의점,폭염,18_23,0.001483140061810273,0.9195168020435356,11,-0.02689792562334281,0.030691955384575476
강원 춘천시,편의점,호우,18_23,-0.06056595459490577,0.03148598717784741,14,-0.11255687968727535,-0.005529137061556
강원 춘천시,학원/학습지,호우,06_11,-0.06469885427612287,0.7181237406189132,17,-0.3495375401591003,0.34487120656642767
강원 춘천시,학원/학습지,폭염,12_17,-0.13064586103363007,0.09391910744178533,24,-0.2620089499871402,0.024099979159352358
강원 춘천시,학원/학습지,호우,12_17,-0.16743666944475522,0.21946319670440917,11,-0.3785709865376554,0.11543182627285531
강원 춘천시,학원/학습지,폭염,18_23,-0.27897326814005885,0.08730973235465021,11,-0.5044211004160584,0.04903487314146604
강원 춘천시,학원/학습지,호우,18_23,0.041946614175897734,0.7681272735803159,13,-0.20711765568432317,0.3692482303028517
강원 춘천시,한식,호우,00_05,-0.10106102631090175,0.001172234889808146,14,-0.15707736227023972,-0.04132213058883083
강원 춘천시,한식,호우,06_11,-0.06951507683783598,0.05619431864414827,17,-0.1358451393065333,0.0019062920473646994
강원 춘천시,한식,폭염,12_17,0.03179158878602295,0.23419423349502455,24,-0.02006310245060483,0.08639024140421547
강원 춘천시,한식,호우,12_17,-0.07592098131012182,0.011690780182245545,11,-0.13093427062143081,-0.017425260350042215
강원 춘천시,한식,폭염,18_23,-0.008561733934960292,0.7661793950805454,11,-0.06318717359513826,0.04924890833342599
강원 춘천시,한식,호우,18_23,-0.1162032035158087,0.0010179172681977588,14,-0.1789896075567552,-0.04861523719419292
강원 춘천시,한의원,호우,06_11,0.015573740349466014,0.9186595186765706,17,-0.24508044338762303,0.366225067364343
강원 춘천시,한의원,폭염,12_17,0.38838323009311426,0.031043868961646317,24,0.03035297865962283,0.8708229446877493
강원 춘천시,한의원,호우,12_17,-0.22025377932425294,0.21049358393773632,11,-0.47175556000717755,0.15099019057611307
강원 춘천시,할인점/슈퍼마켓/양판점,호우,00_05,-0.5626609126980633,6.772946286107804e-05,14,-0.7088492314658984,-0.3430706769379911
강원 춘천시,할인점/슈퍼마켓/양판점,호우,06_11,-0.10134916777142944,4.7058085104946435e-05,17,-0.14642742732849323,-0.05389026765754201
강원 춘천시,할인점/슈퍼마켓/양판점,폭염,12_17,-0.026903339025963202,0.6390471742554591,24,-0.13171577381024002,0.0905612275765042
강원 춘천시,할인점/슈퍼마켓/양판점,호우,12_17,-0.041790946348413294,0.054598076659345254,11,-0.08260875725568195,0.0008429857617104908
강원 춘천시,할인점/슈퍼마켓/양판점,폭염,18_23,-0.0007412597491892603,0.988724844294524,11,-0.09840357529044075,0.10749998846690212
강원 춘천시,할인점/슈퍼마켓/양판점,호우,18_23,-0.1826511330037457,1.0167036844397024e-09,14,-0.23388465839671724,-0.12799139489625133
강원 춘천시,헬스장,호우,00_05,-0.19342766155245028,0.4732790011197051,12,-0.5517738255240244,0.4514077360817266
강원 춘천시,헬스장,호우,06_11,0.33177455929687083,0.06939740105482964,17,-0.022492231247678185,0.8144341492591964
강원 춘천시,헬스장,폭염,12_17,0.16798662393379593,0.11423068673048967,24,-0.036720893498517926,0.41619676424090213
강원 춘천시,헬스장,호우,12_17,-0.06100163586619278,0.704044337171412,11,-0.32138496929682014,0.29929030150176805
강원 춘천시,헬스장,폭염,18_23,-0.03621514647260482,0.7637785291702179,11,-0.24229744785917284,0.2259180614666585
강원 춘천시,헬스장,호우,18_23,0.12418443478506669,0.3844785854681174,14,-0.13649665767028085,0.46356195912725884
강원 춘천시,호텔/콘도,호우,06_11,0.4361547881974195,0.08483444484172252,17,-0.0485019879962274,1.1676772306847418
강원 춘천시,호텔/콘도,폭염,12_17,0.37344234531344944,0.2562593500977731,24,-0.20587759453753862,1.3753817584350694
강원 춘천시,호텔/콘도,호우,12_17,-0.006103437543181989,0.9857080440973296,11,-0.4913437312457103,0.9420391284721563
강원 춘천시,호텔/콘도,폭염,18_23,-0.22288500045848714,0.4393351693805657,11,-0.5898751701799934,0.47249734374152697
강원 춘천시,호텔/콘도,호우,18_23,-0.566866180104469,0.00012141665871045056,14,-0.7173137367553928,-0.33634940805397184
강원 춘천시,화원,호우,06_11,-0.3343692146724242,0.112000850474,17,-0.5970682473090838,0.09960145711245127
강원 춘천시,화원,폭염,12_17,0.22531339962315,0.017584935392949794,24,0.03608846426321799,0.4490972335684773
강원 춘천시,화원,호우,12_17,-0.24662026525594505,0.0010767515079106987,11,-0.36424475971902337,-0.10723343078984926
강원 춘천시,화원,폭염,18_23,1.1584793911203373,0.0014236490450318818,11,0.3453295755494177,2.4631166716070476
강원 춘천시,화원,호우,18_23,-0.16976869876156075,0.18307070075519127,14,-0.36868559064924855,0.09182366717233181
강원 춘천시,화장품,호우,06_11,-0.2671230776051241,0.019041975410105008,17,-0.4347935154170349,-0.04971263064101605
강원 춘천시,화장품,폭염,12_17,0.36646061639372096,0.0007886403426500006,24,0.13873388999748015,0.6397286781016416
강원 춘천시,화장품,호우,12_17,-0.08959678271669214,0.5558204283097008,10,-0.33382070959886356,0.2441605885717637
강원 춘천시,화장품,폭염,18_23,0.2885581041993297,0.6284373861841545,11,-0.5385109553770089,2.597879532014034
강원 춘천시,화장품,호우,18_23,-0.10214695496141657,0.7818876973159287,12,-0.5812769287039969,0.9252344705772884
서울 강남구,LPG가스,호우,00_05,-0.024277658468669583,0.3614765415320115,12,-0.07444761597370064,0.02861178275170473
서울 강남구,LPG가스,폭염,06_11,0.046260786923669306,0.12653312192665994,12,-0.012707182609917878,0.10875073227807319
서울 강남구,LPG가스,호우,06_11,-0.11248084298043248,0.00926479732045478,12,-0.18877069599291663,-0.0290165182816845
서울 강남구,LPG가스,폭염,12_17,0.0038823689962530494,0.7576556899552573,33,-0.02052492322768551,0.02889786037485287
서울 강남구,LPG가스,호우,12_17,-0.09602391968442103,0.04583705760766911,7,-0.1813017958295976,-0.001863263385596614
서울 강남구,LPG가스,폭염,18_23,0.07451696144205133,0.19592242285925565,17,-0.036375427677817984,0.19817067101587948
서울 강남구,LPG가스,호우,18_23,-0.0937320990660715,0.0015584691118568934,13,-0.14734216966344804,-0.03675134498089849
서울 강남구,가구,폭염,06_11,-0.07186807246679505,0.9044790011310134,12,-0.7254689767600763,2.137819779856592
서울 강남구,가구,호우,06_11,-0.803235724837516,0.004428739051521211,11,-0.9357788121867161,-0.39714319684056987
서울 강남구,가구,폭염,12_17,-0.3262880651260762,0.09598130280719037,33,-0.5768285407446879,0.07258597257553245
서울 강남구,가구,호우,12_17,-0.5639563865391733,0.39960259802702225,7,-0.936793626625591,2.0081465315799356
서울 강남구,가구,폭염,18_23,0.9119945143170283,0.5464569054838205,17,-0.767374965087519,14.715088550782076
서울 강남구,가구,호우,18_23,-0.5379685418325195,0.44344876417571,11,-0.9358673545164432,2.328617847069809
서울 강남구,가전,폭염,06_11,0.24993442794433518,0.22598607261410353,12,-0.12894637433414646,0.7936164067582481
서울 강남구,가전,호우,06_11,0.057588007107857164,0.7231799213285983,11,-0.2241758076395879,0.44168279848995606
서울 강남구,가전,폭염,12_17,0.1558501381533759,0.23271260745304223,33,-0.08884092090645479,0.4662527900158442
서울 강남구,가전,호우,12_17,-0.44437170309540186,0.19713584494965786,7,-0.7725211130194449,0.3571492652304644
서울 강남구,가전,폭염,18_23,0.7296323486530532,0.16927305635777468,17,-0.20813929424276822,2.7779726153304654
서울 강남구,가전,호우,18_23,-0.14354621058544514,0.7102355640275173,13,-0.6218239418550795,0.9396074331111197
서울 강남구,게임방/오락실,호우,00_05,0.030046146134188545,0.6162068741229573,12,-0.08254978731973384,0.15646064331520715
서울 강남구,게임방/오락실,폭염,06_11,3.164228924901202e-05,0.9997965978535496,12,-0.21592114050561761,0.2754626316855793
서울 강남구,게임방/오락실,호우,06_11,-0.07603149183126279,0.16061168446530272,12,-0.17266650818597495,0.03189078229588671
서울 강남구,게임방/오락실,폭염,12_17,-0.00012771352875107223,0.9951733031675667,33,-0.04065968259794961,0.04211672450148862
서울 강남구,게임방/오락실,호우,12_17,-0.16673957713105003,1.1779748251712108e-05,7,-0.2320301094547691,-0.0958982365483142
서울 강남구,게임방/오락실,폭염,18_23,0.013582034411490751,0.7942011361004726,17,-0.08412280575411757,0.12170992676331216
서울 강남구,게임방/오락실,호우,18_23,-0.1119663415780725,0.012438269943245284,13,-0.19092391514330198,-0.025303314174823677
서울 강남구,고속버스/철도/여객선,호우,00_05,0.027636629443057004,0.6466105347956821,12,-0.08541306434052964,0.15466009954714965
서울 강남구,고속버스/철도/여객선,폭염,06_11,-0.006723138281724328,0.787547455802974,12,-0.05427844487598732,0.04322347172845564
서울 강남구,고속버스/철도/여객선,호우,06_11,0.01741361218884485,0.7098498698101329,12,-0.07103257592741352,0.11428068567695182
서울 강남구,고속버스/철도/여객선,폭염,12_17,0.01463326527164166,0.576253355378076,33,-0.03576600002891617,0.0676668350490297
서울 강남구,고속버스/철도/여객선,호우,12_17,-0.05129223575036024,0.17118648892943356,7,-0.12021080904353998,0.023025096465515205
서울 강남구,고속버스/철도/여객선,폭염,18_23,-0.027883020182772555,0.18196022370288478,17,-0.06742483867705784,0.013335398198235815
서울 강남구,고속버스/철도/여객선,호우,18_23,-0.02602787091532499,0.40568145553286716,13,-0.08473019948280847,0.03643942769410402
서울 강남구,기타식품,호우,00_05,-0.2764501974910155,0.0024274506262265375,12,-0.41300998713528214,-0.10812057234873995
서울 강남구,기타식품,폭염,06_11,0.08816239097114398,0.4366537172612258,12,-0.12050192001032922,0.3463331143803561
서울 강남구,기타식품,호우,06_11,-0.25059490993861555,0.005819444476225245,12,-0.3895138169695693,-0.08006437390259902
서울 강남구,기타식품,폭염,12_17,0.017344848176458427,0.8299798077745053,33,-0.13043975975011013,0.19024593375353827
서울 강남구,기타식품,호우,12_17,-0.2773734114585813,0.0012066004235543324,7,-0.40639876306135836,-0.12030306884116959
서울 강남구,기타식품,폭염,18_23,0.08757169729738923,0.39203045921391555,17,-0.10262540023210864,0.3180807625580908
서울 강남구,기타식품,호우,18_23,-0.24038520474535308,7.207209704740612e-06,13,-0.32634108852067445,-0.1434617321358368
서울 강남구,기타요식,호우,00_05,-0.041667897423663613,0.6199407352171549,12,-0.19003752634986348,0.13388020890593144
서울 강남구,기타요식,폭염,06_11,0.25199363581518375,0.0677063954863224,12,-0.016232798766744216,0.5933526368400084
서울 강남구,기타요식,호우,06_11,-0.238826408324344,0.0024279155253037195,12,-0.36192031524305335,-0.09198607868997721
서울 강남구,기타요식,폭염,12_17,0.011158484649151479,0.8118983842541332,33,-0.0771571897213702,0.10792593244484072
서울 강남구,기타요식,호우,12_17,-0.17188512454109373,0.02695942368446725,7,-0.29932590219264044,-0.021265023065168642
서울 강남구,기타요식,폭염,18_23,0.04851632242944315,0.3376967069060809,17,-0.048274533036559264,0.1551508460823774
서울 강남구,기타요식,호우,18_23,-0.10213487140794897,0.03517780621038851,13,-0.18778275903625308,-0.007455458363505585
서울 강남구,기타유통,폭염,06_11,0.39738184596116377,1.1802546843883317e-06,12,0.22094942804424478,0.5993095033835163
서울 강남구,기타유통,호우,06_11,0.18408375567775837,0.08364503633318873,12,-0.02222262232719452,0.4339197985915315
서울 강남구,기타유통,폭염,12_17,-0.03147333805522179,0.7889727647288518,33,-0.23368954951287824,0.22410427040582137
서울 강남구,기타유통,호우,12_17,-0.2473632186873298,0.09728719387694411,7,-0.46209638584883517,0.05309224493424858
서울 강남구,기타유통,폭염,18_23,0.23855013800583857,0.05280449815277468,17,-0.002591057534191976,0.5379914687368754
서울 강남구,기타유통,호우,18_23,0.18148733904609116,0.10671423633373868,13,-0.03522476467809277,0.44687827922993106
서울 강남구,기타의료,폭염,06_11,0.3597915486960559,0.15216186952548827,12,-0.10714961435676507,1.0709326955972829
서울 강남구,기타의료,호우,06_11,-0.5154612289965457,0.06267919833399169,12,-0.7740567457128414,0.03910081912492647
서울 강남구,기타의료,폭염,12_17,-0.15235059067155,0.2866393706888597,33,-0.37457957672991193,0.14884243366734684
서울 강남구,기타의료,호우,12_17,-0.21770242399104378,0.5231299360924426,7,-0.6318108627199666,0.6621606545769112
서울 강남구,기타의료,폭염,18_23,0.4303107428521866,0.802158407444902,17,-0.9129930679223179,22.512940546988148
서울 강남구,기타의료,호우,18_23,-0.9149357620821041,0.0003186665653897273,13,-0.9777671917720463,-0.6745384344450676
서울 강남구,노래방,호우,00_05,0.09175320630934136,0.3117278649904558,12,-0.07900433170344656,0.2941701079781156
서울 강남구,노래방,폭염,06_11,0.7130059660358168,0.001967245066930154,12,0.2182335282639698,1.4087249050318955
서울 강남구,노래방,호우,06_11,-0.06314519220462911,0.8205740285537358,12,-0.466822044672768,0.6461613277890017
서울 강남구,노래방,폭염,12_17,-0.02727379484936221,0.6382163679862248,33,-0.13317864861338236,0.09157010112080233
서울 강남구,노래방,호우,12_17,-0.24827678077139537,7.946785807860207e-06,7,-0.3367598616485772,-0.14798914352194892
서울 강남구,노래방,폭염,18_23,0.13448195103371208,8.382596394574498e-05,17,0.06534599334226154,0.2081045080795365
서울 강남구,노래방,호우,18_23,-0.13299938028546898,0.034209895085417746,13,-0.24028386126736279,-0.010564556599581443
서울 강남구,농수산물,호우,00_05,0.20110390538450673,0.5492280672335588,10,-0.34060237137256844,1.1878310277409727
서울 강남구,농수산물,폭염,06_11,0.1874408468201163,0.09173209887712737,12,-0.027495853017110217,0.4498814931240418
서울 강남구,농수산물,호우,06_11,-0.27379089148077695,9.702357573506033e-05,12,-0.38170038601718437,-0.14704836074676553
서울 강남구,농수산물,폭염,12_17,0.032719285916841034,0.47113978048010996,33,-0.05386643969481697,0.127228932837536
서울 강남구,농수산물,호우,12_17,-0.20448637490683508,0.021362400561130115,7,-0.34530663450173926,-0.03337659878798671
서울 강남구,농수산물,폭염,18_23,0.2099810786425087,0.08426356103669418,17,-0.025452977021852452,0.502292014805855
서울 강남구,농수산물,호우,18_23,-0.1459540248007819,0.22487438201528287,13,-0.33804621117751554,0.10188133986130055
서울 강남구,동물병원,폭염,06_11,-0.02906969649599056,0.7093293369565347,12,-0.1685783184883306,0.13384781179675875
서울 강남구,동물병원,호우,06_11,-0.4243577527435405,0.009383093675923986,12,-0.6205194231103389,-0.1267958967954893
서울 강남구,동물병원,폭염,12_17,-0.04440655201787014,0.36361655845736374,33,-0.13360841890401076,0.05397935269780141
서울 강남구,동물병원,호우,12_17,-0.2362054244025873,0.0025077965954125037,7,-0.358660667961175,-0.09036897541048461
서울 강남구,동물병원,폭염,18_23,0.3571818127971915,0.041391498019786754,17,0.011988725188682992,0.8201215360813874
서울 강남구,동물병원,호우,18_23,-0.06258384719355137,0.7025834265688153,13,-0.32724216028831865,0.3061892283842307
서울 강남구,"모텔,여관,기타숙박",호우,00_05,0.15186271786314332,0.10910243705023862,12,-0.0310753246038995,0.36934041881085444
서울 강남구,"모텔,여관,기타숙박",폭염,06_11,-0.017922249066174678,0.9573120881144254,12,-0.4935337215195704,0.9043256182287154
서울 강남구,"모텔,여관,기타숙박",호우,06_11,0.1084163547317687,0.5222253744263108,12,-0.19130855191617624,0.5192281535163641
서울 강남구,"모텔,여관,기타숙박",폭염,12_17,-0.12030857974977827,0.25778886591329375,33,-0.29545305015347245,0.09837533897552553
서울 강남구,"모텔,여관,기타숙박",호우,12_17,0.1951188116006739,0.025931991660019596,7,0.021616700686746704,0.3980869467792332
서울 강남구,"모텔,여관,기타숙박",폭염,18_23,0.18640853736037366,0.10178192335307996,17,-0.03325189897560743,0.4559792939133642
서울 강남구,"모텔,여관,기타숙박",호우,18_23,0.24638681448481714,0.08338339220471727,13,-0.028663427037937117,0.5993221449330559
서울 강남구,문화용품,폭염,06_11,-0.16779002610236116,0.7985520113301021,12,-0.7969264480970784,2.4104561335776027
서울 강남구,문화용품,호우,06_11,-0.43539550318882037,0.178235087895117,12,-0.7543600955461749,0.2977461399368384
서울 강남구,문화용품,폭염,12_17,0.2296783394517763,0.1636098729417429,33,-0.08070549074223188,0.6448578810045802
서울 강남구,문화용품,호우,12_17,-0.24102161461595517,0.4407277619337555,7,-0.6235213489395754,0.5300952334418463
서울 강남구,문화용품,폭염,18_23,0.40943952498930547,0.32188226702889455,17,-0.285269176214361,1.7793956948439558
서울 강남구,문화용품,호우,18_23,-0.47517082533952515,0.07277524571262459,13,-0.7404807775237776,0.06136901901373415
서울 강남구,미용서비스,호우,00_05,-0.13035485317123885,0.42399546314775927,12,-0.38249730311039587,0.22474393263747028
서울 강남구,미용서비스,폭염,06_11,-0.5039764347319122,0.003139871662705634,12,-0.6885089766705538,-0.2101236990028984
서울 강남구,미용서비스,호우,06_11,-0.4528486300339494,0.03635692292337542,12,-0.6889381259036262,-0.037572114790984545
서울 강남구,미용서비스,폭염,12_17,0.008280181629115146,0.9244135705053815,33,-0.14964950577890335,0.19554105227780472
서울 강남구,미용서비스,호우,12_17,-0.41507740474215327,0.0011077499732000098,7,-0.5762189855613427,-0.19266217507084904
서울 강남구,미용서비스,폭염,18_23,-0.09319844380441156,0.5925984874172452,17,-0.36630856559192826,0.29761744860388917
서울 강남구,미용서비스,호우,18_23,-0.11931595377994686,0.4266076683281703,13,-0.3561556253072793,0.2046457494277052
서울 강남구,미용실,호우,00_05,0.3989024861082333,0.11505929864765509,11,-0.07857187035676039,1.1237990274916863
서울 강남구,미용실,폭염,06_11,-0.03732704376076801,0.7545599849730116,12,-0.24159445474183372,0.22195733729625378
서울 강남구,미용실,호우,06_11,-0.33786188032571296,0.014217295680530723,12,-0.5237792737775695,-0.07936201558555744
서울 강남구,미용실,폭염,12_17,-0.0030946009035230926,0.8813046016065942,33,-0.04283916664346554,0.03830029407138946
서울 강남구,미용실,호우,12_17,-0.3825879244878124,0.11106882908233237,7,-0.6588320691118957,0.11733148539477423
서울 강남구,미용실,폭염,18_23,0.07197056634186194,0.1817692981509852,17,-0.031988975145366916,0.18709484251572084
서울 강남구,미용실,호우,18_23,-0.22325976759532395,0.030210232096749706,13,-0.38191577217944195,-0.023878362398162878
서울 강남구,방문판매/다단계판매,폭염,06_11,0.2337020579685012,0.22426759289254594,12,-0.12076700716822897,0.7310778601854995
서울 강남구,방문판매/다단계판매,호우,06_11,-0.06584706047844802,0.7541495242045179,11,-0.39007269916994525,0.43073070057557916
서울 강남구,방문판매/다단계판매,폭염,12_17,-0.2415226504331598,0.05431894841567308,33,-0.42765629557753293,0.005144086255727487
서울 강남구,방문판매/다단계판매,호우,12_17,0.10868532305523138,0.30624028657077085,6,-0.09014839085154092,0.35097100801798886
서울 강남구,방문판매/다단계판매,폭염,18_23,-0.1050988802136733,0.814916735448886,17,-0.6468239279803292,1.267560227438672
서울 강남구,방문판매/다단계판매,호우,18_23,-0.07706601820230308,0.7491587687373347,12,-0.43548798982570347,0.5089265053793115
서울 강남구,백화점,폭염,06_11,-0.07504388535577022,0.586720986922517,12,-0.3018217020970212,0.22539445380560763
서울 강남구,백화점,호우,06_11,-0.10465053276374614,0.5236035321844434,11,-0.3625254605346673,0.2575414684837607
서울 강남구,백화점,폭염,12_17,0.07277694811151703,0.053615647658011516,33,-0.0010940070460160323,0.1521107977299685
서울 강남구,백화점,호우,12_17,-0.6490694679136562,0.17501935103246125,7,-0.9227332207312183,0.59385753509933
서울 강남구,백화점,폭염,18_23,0.024394306122356824,0.8809516630108365,17,-0.2527261097124235,0.4042825636689462
서울 강남구,백화점,호우,18_23,-0.3420677732850359,0.21668936508664627,13,-0.6613780061617859,0.2783422897123706
서울 강남구,사무기기/문구용품,폭염,06_11,0.20069212658697322,0.1873904633101069,12,-0.08517293236964663,0.5758842669382718
서울 강남구,사무기기/문구용품,호우,06_11,-0.2977684901726879,0.017989232139521888,12,-0.47604302890080885,-0.05883665912521807
서울 강남구,사무기기/문구용품,폭염,12_17,-0.017563871941788656,0.7460247115090344,33,-0.11746124726655283,0.09364120581062285
서울 강남구,사무기기/문구용품,호우,12_17,-0.27662399821009853,0.0232502823659282,7,-0.4531145738517083,-0.043176477290776116
서울 강남구,사무기기/문구용품,폭염,18_23,0.043937666391534735,0.39346476726184165,17,-0.054237041260569385,0.15230337712058573
서울 강남구,사무기기/문구용품,호우,18_23,0.06431915187858772,0.6501746684738744,13,-0.18703119769051602,0.3933809684179337
서울 강남구,생활잡화/수입상품점,폭염,06_11,0.051253257595695656,0.6963793553694424,12,-0.1821504549015912,0.3512673794696375
서울 강남구,생활잡화/수입상품점,호우,06_11,-0.17301128451175074,0.3753274010742015,12,-0.4566197078597888,0.2586218996850027
서울 강남구,생활잡화/수입상품점,폭염,12_17,-0.01701016371581654,0.7865857525177289,33,-0.13182018373180804,0.11298258739928224
서울 강남구,생활잡화/수입상품점,호우,12_17,-0.1976062631529002,0.18544842888112567,7,-0.4207527353966529,0.11150409898324543
서울 강남구,생활잡화/수입상품점,폭염,18_23,-0.02117064424588222,0.7942757850934244,17,-0.16659373322730453,0.14962767366295426
서울 강남구,생활잡화/수입상품점,호우,18_23,-0.24492605621390062,0.0040406112139092605,13,-0.3765388727615855,-0.08552973765969762
서울 강남구,서점,호우,00_05,-0.46655022271094526,0.10755473291968003,12,-0.7518516927720122,0.14676851141399427
서울 강남구,서점,폭염,06_11,0.881904442789816,0.00845654381384619,12,0.1754635177036017,2.012908761907716
서울 강남구,서점,호우,06_11,-0.2611035093496942,0.0017294371770045466,12,-0.38853229502370024,-0.10711879065387608
서울 강남구,서점,폭염,12_17,-0.008646295693422679,0.922311205008734,33,-0.16740797004401353,0.1803886317460015
서울 강남구,서점,호우,12_17,-0.111767228221747,0.11017579575267906,7,-0.2319851439743118,0.02726848402850357
서울 강남구,서점,폭염,18_23,0.6716428383358681,2.7896880106090623e-07,17,0.37406154863106456,1.0336714769025903
서울 강남구,서점,호우,18_23,-0.062132142832141635,0.16656418918113203,13,-0.14361327954406566,0.027101537772957984
서울 강남구,스포츠/레저용품,폭염,06_11,0.06832088316663332,0.4700637501140348,12,-0.10705197631988106,0.2781365534650502
서울 강남구,스포츠/레저용품,호우,06_11,-0.28516591261073454,0.013306887368410892,12,-0.4520151840591047,-0.06751472371315093
서울 강남구,스포츠/레저용품,폭염,12_17,-0.052391979236088515,0.291833551069168,33,-0.14262194259341077,0.047333732487001345
서울 강남구,스포츠/레저용품,호우,12_17,-0.1423294690782323,0.4678791242503414,7,-0.43338528052714,0.29823443396595506
서울 강남구,스포츠/레저용품,폭염,18_23,0.08290796262738831,0.49215102973264346,17,-0.1372462706884351,0.3592403204765624
서울 강남구,스포츠/레저용품,호우,18_23,-0.143943932917182,0.11868095024879925,13,-0.2957684925114261,0.0406123301735295
서울 강남구,스포츠시설,호우,00_05,0.02677715449814233,0.8666937593811699,12,-0.24581964188431416,0.39790345061941323
서울 강남구,스포츠시설,폭염,06_11,-0.09837713653241742,0.7313989591604468,12,-0.5008592935941512,0.6286465469448184
서울 강남구,스포츠시설,호우,06_11,-0.3068179034231897,0.11790912697894348,12,-0.5621271750743262,0.09735382435798434
서울 강남구,스포츠시설,폭염,12_17,-0.048273027479489916,0.4909330603115527,33,-0.17325609083145854,0.09560435846936621
서울 강남구,스포츠시설,호우,12_17,-0.36178421113807235,4.833777170601155e-05,7,-0.4860799635827817,-0.20742651718296423
서울 강남구,스포츠시설,폭염,18_23,-0.008952649887973951,0.9056181272228061,17,-0.14585377373175712,0.14989075635817284
서울 강남구,스포츠시설,호우,18_23,-0.1487251423354714,0.07493418251753345,13,-0.28697376735957847,0.016328502540822187
서울 강남구,시계/귀금속,폭염,06_11,0.06810442703655806,0.8093089666884767,12,-0.37452358483431025,0.823964963975311
서울 강남구,시계/귀금속,호우,06_11,0.2219351607438298,0.6303938670075202,12,-0.4599080841841795,1.764576719884153
서울 강남구,시계/귀금속,폭염,12_17,0.1522113203670299,0.15875522979074663,33,-0.053863450656271517,0.40317053357974086
서울 강남구,시계/귀금속,호우,12_17,-0.19852581063478658,0.4193177314954809,7,-0.5315789336671631,0.37133216754644427
서울 강남구,시계/귀금속,폭염,18_23,-0.02455608731784087,0.7694789545714541,17,-0.1739888629635966,0.15191040910474585
서울 강남구,시계/귀금속,호우,18_23,-0.1948043385890964,0.15681288919985364,13,-0.40345907599004716,0.0868324821653399
서울 강남구,애완동물,폭염,06_11,0.1385339756070152,0.6261317552689531,12,-0.3244511542003231,0.9188244072522631
서울 강남구,애완동물,호우,06_11,-0.05193244650472484,0.8240526882632908,12,-0.40753066339320976,0.5170946924246524
서울 강남구,애완동물,폭염,12_17,0.04992197636503093,0.7062407332999079,33,-0.18503946707687124,0.3526252032111974
서울 강남구,애완동물,호우,12_17,0.11267149025364209,0.72580796147934,7,-0.38731727279751893,1.020683447167119
서울 강남구,애완동물,폭염,18_23,-0.4172052817623023,0.08910203765024978,17,-0.6872528795744122,0.08602017867841738
서울 강남구,애완동물,호우,18_23,-0.41124862477533763,0.0006685306292112775,13,-0.5661005983762786,-0.20113238107314102
서울 강남구,약국,호우,00_05,-0.052652821461625865,0.6684449946865157,12,-0.2603854670492286,0.21342488107160196
서울 강남구,약국,폭염,06_11,0.12001299689858058,0.002659004419443042,12,0.040192205982808815,0.20595896220594412
서울 강남구,약국,호우,06_11,-0.06909669876482383,0.3959716605244823,12,-0.2109509898466444,0.09825998778215927
서울 강남구,약국,폭염,12_17,-0.05116972687196264,0.11085503520132628,33,-0.11050058906018179,0.0121185872995897
서울 강남구,약국,호우,12_17,-0.26949443571940557,0.09278072568597807,7,-0.49347180983478134,0.053521580449152006
서울 강남구,약국,폭염,18_23,-0.013741083035537227,0.886908955049869,17,-0.18496675583351152,0.19345641205920971
서울 강남구,약국,호우,18_23,-0.08427843552613445,0.11654167645751799,13,-0.17962561755611273,0.022150376203171618
서울 강남구,양식,호우,00_05,-0.1325764055537233,0.3063832190615796,12,-0.3395074361673792,0.139185712911031
서울 강남구,양식,폭염,06_11,-0.004757704431020415,0.9636675864398996,12,-0.1893933510089365,0.22193326210963749
서울 강남구,양식,호우,06_11,-0.22656734004859747,0.10287870474528722,12,-0.4320076430436881,0.05317980454006932
서울 강남구,양식,폭염,12_17,-0.027811944985836834,0.6492209933087429,33,-0.13907714246073077,0.09783310552782076
서울 강남구,양식,호우,12_17,-0.37529802512306776,1.1985107258650203e-05,7,-0.4939492184111365,-0.22882728055502422
서울 강남구,양식,폭염,18_23,-0.017091205687692956,0.7300169474218519,17,-0.10876480632841912,0.08401205966343772
서울 강남구,양식,호우,18_23,-0.07729721844159898,0.03733706025550451,13,-0.14459480240531308,-0.004705108772303235
서울 강남구,여행사/항공사,호우,00_05,0.3395474019084095,0.27597556818123903,12,-0.20833456958432428,1.266597950370778
서울 강남구,여행사/항공사,폭염,06_11,-0.023313560986517712,0.9634817289197385,12,-0.6442175004315699,1.6811785326989175
서울 강남구,여행사/항공사,호우,06_11,-0.5459976686440512,0.15677573034401773,12,-0.8478176765303539,0.3544156257921014
서울 강남구,여행사/항공사,폭염,12_17,0.6836742267644786,0.007334343309266025,33,0.15044031320222517,1.4640642972432665
서울 강남구,여행사/항공사,호우,12_17,-0.8049691444498235,0.0025746094357019613,7,-0.9326209843503781,-0.4354765463711957
서울 강남구,여행사/항공사,폭염,18_23,-0.3512144083973877,0.23183499840819588,17,-0.6807859148325544,0.3186220891548508
서울 강남구,여행사/항공사,호우,18_23,0.5497538545381351,0.15042914596797308,13,-0.14702371560936656,1.815713699908561
서울 강남구,연구/번역서비스,호우,00_05,-0.027960471127209674,0.9301819432770312,12,-0.4845709433819385,0.8331540171422434
서울 강남구,연구/번역서비스,폭염,06_11,1.2029809609059572,0.00010399303118966757,12,0.47837821536127656,2.2827358139393037
서울 강남구,연구/번역서비스,호우,06_11,-0.2958286784815578,0.1690800343342136,12,-0.5728534450924223,0.1608597666351741
서울 강남구,연구/번역서비스,폭염,12_17,-0.0706442619297526,0.5592948055050266,33,-0.273266390149828,0.18847136856951008
서울 강남구,연구/번역서비스,호우,12_17,-0.2597302147214364,0.2205552155866557,7,-0.5424662671933638,0.19772448609372195
서울 강남구,연구/번역서비스,폭염,18_23,-0.43976613942833376,0.04718089069125331,17,-0.6838691395546485,-0.007177033938167265
서울 강남구,연구/번역서비스,호우,18_23,0.23346035483661343,0.27315188634018717,13,-0.15250091579826874,0.7951930277148451
서울 강남구,영화/공연,호우,00_05,-0.6055794948100206,0.09952425464460614,11,-0.8696286699552724,0.19326492152029662
서울 강남구,영화/공연,폭염,06_11,-0.08323482323404174,0.650841656778552,12,-0.37076466705351063,0.33568212928403995
서울 강남구,영화/공연,호우,06_11,0.11528792853522418,0.5775615147580424,12,-0.24033123834263648,0.6373809564350863
서울 강남구,영화/공연,폭염,12_17,-0.04779414158405437,0.6661742513048371,33,-0.23774772794241905,0.18949595827922372
서울 강남구,영화/공연,호우,12_17,-0.16165535775762152,0.09189222357513496,7,-0.3170737718830595,0.02913273826723528
서울 강남구,영화/공연,폭염,18_23,-0.1621472278629954,0.10730487335279318,17,-0.3244500024730175,0.039149241873284835
서울 강남구,영화/공연,호우,18_23,-0.002114458607275549,0.9738207408402227,13,-0.12061967930953865,0.13236051602655774
서울 강남구,예식장/결혼서비스,폭염,06_11,-0.020223235481840574,0.945041692888372,12,-0.45191594278262925,0.7514877428900486
서울 강남구,예식장/결혼서비스,호우,06_11,-0.2804257630257876,0.14405114505603983,11,-0.5372794836610766,0.11900610462182892
서울 강남구,예식장/결혼서비스,폭염,12_17,0.04177898236804767,0.5708673138088197,33,-0.09571637096359953,0.20018035631176723
서울 강남구,예식장/결혼서비스,호우,12_17,-0.47309963801726196,0.1006160152240955,7,-0.7547890820531581,0.132184463000645
서울 강남구,예식장/결혼서비스,폭염,18_23,-0.20274192831409588,0.47724828816169773,17,-0.5731870906255787,0.48922494823306484
서울 강남구,예식장/결혼서비스,호우,18_23,0.028506773635651683,0.8526044095920902,12,-0.2354046335819464,0.38351110911132014
서울 강남구,완구/아동용자전거,폭염,06_11,-0.12989082084494685,0.6604676137630808,12,-0.5323149281530393,0.6188029706828462
서울 강남구,완구/아동용자전거,호우,06_11,-0.3911130204314798,0.02390229695504044,12,-0.6041170250957468,-0.06350265762819873
서울 강남구,완구/아동용자전거,폭염,12_17,0.041036241238087356,0.6753116131581169,33,-0.1375408299181482,0.25658870954815294
서울 강남구,완구/아동용자전거,호우,12_17,-0.14417646756585578,0.45375425611943665,7,-0.43051001861523974,0.2861225703867263
서울 강남구,완구/아동용자전거,폭염,18_23,-0.20787202758586365,0.29915106557976057,17,-0.4897969403197917,0.229837243771573
서울 강남구,완구/아동용자전거,호우,18_23,-0.06830236136469581,0.5018284090061835,13,-0.24210487664239888,0.14535700664354456
서울 강남구,유흥업소,호우,00_05,0.0451804896049639,0.7252908625971206,12,-0.18314086270580077,0.3373202379413842
서울 강남구,유흥업소,폭염,06_11,0.613590541058876,0.06678132884097454,12,-0.03256836078529579,1.6913265275344558
서울 강남구,유흥업소,호우,06_11,0.18199309178293843,0.6122448484231697,12,-0.38081075158511624,1.256350013504219
서울 강남구,유흥업소,폭염,12_17,-0.520657686146274,0.048402969665633074,33,-0.7690454750960595,-0.005132919797910751
서울 강남구,유흥업소,호우,12_17,-0.6371369359780017,0.014852389907198208,7,-0.8394882747166285,-0.17968856792872978
서울 강남구,유흥업소,폭염,18_23,0.5353294924220948,0.04098594148533345,17,0.01770868609991849,1.3162194471725814
서울 강남구,유흥업소,호우,18_23,0.10876389811551257,0.3570512720779163,13,-0.10994693292657265,0.38121807254318196
서울 강남구,의복/의류,호우,00_05,-0.54482167494825,0.052472447698451746,11,-0.7945512867424747,0.008462425058909595
서울 강남구,의복/의류,폭염,06_11,0.11602569275076524,0.45978867044607485,12,-0.16581097406537793,0.49308287229546965
서울 강남구,의복/의류,호우,06_11,-0.2944498379510285,0.05744845519823076,12,-0.5076625722363932,0.011097274136847579
서울 강남구,의복/의류,폭염,12_17,0.012243099603322039,0.7721919271304056,33,-0.06780640294357532,0.09916662797301012
서울 강남구,의복/의류,호우,12_17,-0.20025322479130603,0.185748335049282,7,-0.42561000927903425,0.11352028201935638
서울 강남구,의복/의류,폭염,18_23,-0.09849959639878125,0.3945853671589997,17,-0.2899563774078532,0.14458175784501281
서울 강남구,의복/의류,호우,18_23,-0.22231021053037914,0.013375154826605892,13,-0.3627854614292937,-0.050866902688860294
서울 강남구,인테리어/건축자재/주방기구,호우,00_05,0.774896294729559,0.042256046965759186,12,0.02025656488054417,2.0877104499823167
서울 강남구,인테리어/건축자재/주방기구,폭염,06_11,-0.16043327167876464,0.7531586328051516,12,-0.7176912533545946,1.4968135053547584
서울 강남구,인테리어/건축자재/주방기구,호우,06_11,-0.4056757919207773,0.032986540642934756,12,-0.6316152283368646,-0.041162144910828036
서울 강남구,인테리어/건축자재/주방기구,폭염,12_17,0.03737997407247562,0.8796429447484895,33,-0.3548827080787106,0.6681574406440056
서울 강남구,인테리어/건축자재/주방기구,호우,12_17,0.2793280024874074,0.3687889401691007,7,-0.252392689266008,1.1892243621073564
서울 강남구,인테리어/건축자재/주방기구,폭염,18_23,-0.06981260576642123,0.8321469344974506,17,-0.5236510131103271,0.8164174002776987
서울 강남구,인테리어/건축자재/주방기구,호우,18_23,-0.4383038251901693,0.0359099944823548,13,-0.6723019671322356,-0.03721548147556275
서울 강남구,일반병원,폭염,06_11,0.010959082865396708,0.7747134758796969,12,-0.061751161860541415,0.08930405845717804
서울 강남구,일반병원,호우,06_11,-0.04662872596269463,0.46311202578453015,12,-0.16080027343117886,0.08307564621802377
서울 강남구,일반병원,폭염,12_17,0.07363857571864552,0.09619179982992768,33,-0.012579492504278589,0.16738490088140723
서울 강남구,일반병원,호우,12_17,-0.18919450972530627,0.19816650335624508,7,-0.4109100653842632,0.11596804567440433
서울 강남구,일반병원,폭염,18_23,0.0972593916205462,0.7176542956362295,17,-0.3365382307743163,0.8146911070771057
서울 강남구,일반병원,호우,18_23,0.14795702970967994,0.33830755574654336,13,-0.13451429992372954,0.522619428540229
서울 강남구,일식,호우,00_05,0.04237056407931572,0.42259421418929777,12,-0.05816659005807989,0.15363967915093824
서울 강남구,일식,폭염,06_11,0.05521872341925027,0.03885123033625668,12,0.0027554887082412716,0.11042678578499299
서울 강남구,일식,호우,06_11,-0.24030276750532065,0.0014545702450270877,12,-0.35855973643035133,-0.10024375169674993
서울 강남구,일식,폭염,12_17,0.04310500649606186,0.09223210648430724,33,-0.006900386553046256,0.09562831345847478
서울 강남구,일식,호우,12_17,-0.20129928920548557,0.031630240066570316,7,-0.3493380202269092,-0.019578759394963896
서울 강남구,일식,폭염,18_23,0.06076799725154847,0.23720151072512874,17,-0.03808463545423668,0.16977936465794752
서울 강남구,일식,호우,18_23,-0.09724121496646665,0.06383734897773834,13,-0.18981175736623457,0.0059062586565070685
서울 강남구,자동차서비스,폭염,06_11,0.6100879487983661,0.00924916548095375,12,0.12480917898151,1.304731550300004
서울 강남구,자동차서비스,호우,06_11,-0.6035333835968011,0.0031047081066800084,12,-0.7852663102705693,-0.2679966607929155
서울 강남구,자동차서비스,폭염,12_17,0.13283362106784558,0.1456213443670438,33,-0.04234572495022548,0.3400577290327309
서울 강남구,자동차서비스,호우,12_17,-0.32850902371985924,4.2164856934808634e-05,7,-0.44503989468113514,-0.187508927391129
서울 강남구,자동차서비스,폭염,18_23,0.30920291041084114,0.4746777605497565,17,-0.37452391220516656,1.7403321950661708
서울 강남구,자동차서비스,호우,18_23,0.35267000476885824,0.2456950208822486,13,-0.18775159890936888,1.2526558862345145
서울 강남구,자동차용품,폭염,06_11,-0.1029648860780148,0.7249587426935908,11,-0.5103070295460701,0.6432173712094
서울 강남구,자동차용품,호우,06_11,-0.3642434239201626,0.2505812280220139,11,-0.7064240996133109,0.37676976719266153
서울 강남구,자동차용품,폭염,12_17,0.8950702889142945,0.009298050683971904,33,0.17060581788024498,2.06789129617422
서울 강남구,자동차용품,호우,12_17,0.1711744594544704,0.6340822155846026,7,-0.3889798083613174,1.2448515339564672
서울 강남구,자동차용품,폭염,18_23,2.5305046180868396,0.13171263635958813,16,-0.31529641605828995,17.20417352948108
서울 강남구,자동차용품,호우,18_23,-0.6552148316970041,0.09063269121099407,11,-0.8995683958019571,0.18365939915994933
서울 강남구,장례식장/묘지/장의사,폭염,06_11,0.14870182694523226,0.8541891202880618,12,-0.7381291664201604,4.038804318866685
서울 강남구,장례식장/묘지/장의사,호우,06_11,0.39506776068180804,0.17069438263485992,10,-0.1335860990208193,1.2462867397374784
서울 강남구,장례식장/묘지/장의사,폭염,12_17,0.24606706740787043,0.27756453336145204,31,-0.16231894902137423,0.8535493129091545
서울 강남구,장례식장/묘지/장의사,호우,12_17,-0.4516035194768224,0.17343190835226796,7,-0.7690958502656916,0.3024395628933272
서울 강남구,정육점,호우,00_05,0.4677828169802274,0.009943290334585162,12,0.09633232631919819,0.9650851718068925
서울 강남구,정육점,폭염,06_11,0.032235055723470296,0.8455948336437326,12,-0.24992865056421887,0.4205438070204037
서울 강남구,정육점,호우,06_11,-0.17716522941211132,0.030659946329269515,12,-0.31052496734770574,-0.01801076525730183
서울 강남구,정육점,폭염,12_17,-0.06630505485179494,0.07088258011590533,33,-0.1332907008772417,0.005857732780402802
서울 강남구,정육점,호우,12_17,-0.11296722974971718,0.2434750601812159,7,-0.27480606006908115,0.0849885695029986
서울 강남구,정육점,폭염,18_23,0.08193315322243944,0.29154233669657703,17,-0.06535479757152984,0.2524317730411041
서울 강남구,정육점,호우,18_23,-0.14653724963649595,0.004232902608017265,13,-0.23435283704426169,-0.048649689439069776
서울 강남구,제과점,호우,00_05,-0.16992664544332903,0.5938944564175048,11,-0.5814033641033112,0.6460279774322357
서울 강남구,제과점,폭염,06_11,-0.0023629254149023504,0.8991180035495724,12,-0.038192250801459604,0.03480111635206007
서울 강남구,제과점,호우,06_11,-0.14924671801361822,0.0007915012610746483,12,-0.22588783764489428,-0.065017729977762
서울 강남구,제과점,폭염,12_17,-0.007181780611738575,0.5526898129801481,33,-0.03052568509675735,0.0167242201229989
서울 강남구,제과점,호우,12_17,-0.17447882370505552,0.004053329150971349,7,-0.2756666783548344,-0.05915523675820489
서울 강남구,제과점,폭염,18_23,-0.004227993682084041,0.7873119627913554,17,-0.0344106178359046,0.026898086165883628
서울 강남구,제과점,호우,18_23,-0.15117853540254733,0.00018961622536051463,13,-0.22118155430158992,-0.07488339196273941
서울 강남구,종합병원,호우,00_05,-0.03702467184665825,0.928858847185807,12,-0.5793558195711891,1.2045270700921402
서울 강남구,종합병원,폭염,06_11,-0.03587679144511147,0.3675815465342708,12,-0.10953763129601113,0.04387742137497619
서울 강남구,종합병원,호우,06_11,0.11753724794833609,0.010721394585551035,12,0.026101922471428507,0.21712032031273765
서울 강남구,종합병원,폭염,12_17,-0.15810137306122685,0.04364454858710956,33,-0.28772232166108924,-0.004891884729063767
서울 강남구,종합병원,호우,12_17,-0.1487975419175095,0.34954132356684575,7,-0.39265010999213457,0.19296246951866713
서울 강남구,종합병원,폭염,18_23,-0.3796738068958011,0.009228738326298318,17,-0.5669924133002737,-0.11132137710558254
서울 강남구,종합병원,호우,18_23,0.05362125145237351,0.47094006371483665,13,-0.08585810346298384,0.214382302919768
서울 강남구,주류판매,폭염,06_11,-0.40756882484082557,0.01012183883973425,11,-0.6024867224127524,-0.11707427879953725
서울 강남구,주류판매,호우,06_11,-0.19928065573804177,0.51553713153385,10,-0.5902265283409445,0.5646485500378091
서울 강남구,주류판매,폭염,12_17,0.026645126520564943,0.762594639089217,33,-0.13439450277867582,0.21764501171938888
서울 강남구,주류판매,호우,12_17,-0.1889210469766618,0.38558916474472726,7,-0.4945972492877798,0.30163333521708147
서울 강남구,주류판매,폭염,18_23,-0.24052112482043375,0.12119384173935177,17,-0.46370392075694733,0.07554051608608936
서울 강남구,주류판매,호우,18_23,-0.16478961877675757,0.21148012979278097,13,-0.3703150250753455,0.10781804978996523
서울 강남구,주유소,호우,00_05,-0.13372772773145758,0.013441544146693683,12,-0.22692994016278245,-0.029288949750145066
서울 강남구,주유소,폭염,06_11,0.07372390793134231,8.555245898085747e-05,12,0.03628426437909171,0.11251619858777273
서울 강남구,주유소,호우,06_11,-0.169597891103361,6.60916561121975e-05,12,-0.2420509614321984,-0.09021896279072739
서울 강남구,주유소,폭염,12_17,0.05781289785895627,0.0032529371900756414,33,0.018946973331001926,0.09816129412385921
서울 강남구,주유소,호우,12_17,-0.14195796351655054,1.1114061964965821e-05,7,-0.1985967550451958,-0.08131625245142882
서울 강남구,주유소,폭염,18_23,0.008295737148526827,0.7861888386651308,17,-0.05013153779190438,0.07031692702853709
서울 강남구,주유소,호우,18_23,-0.10429468105145867,0.009686557154833979,13,-0.17601114088838776,-0.02633632782644757
서울 강남구,주차장,호우,00_05,-0.3359499301205796,0.2886987390101534,12,-0.68829488401085,0.4146784017565259
서울 강남구,주차장,폭염,06_11,0.3178701930013732,0.010012599748688596,12,0.06817824615491253,0.6259288670718726
서울 강남구,주차장,호우,06_11,-0.08774698575562145,0.4118029971595627,12,-0.2674026160668863,0.13596578454876784
서울 강남구,주차장,폭염,12_17,-0.04183490537757151,0.3935157052670163,33,-0.13142480037457716,0.056995812163107784
서울 강남구,주차장,호우,12_17,-0.267765473778244,0.017630557961623113,7,-0.43392968649607977,-0.052825437758119986
서울 강남구,주차장,폭염,18_23,-0.016988958694007517,0.7247323422389004,17,-0.10640894898230224,0.08137912329020591
서울 강남구,주차장,호우,18_23,-0.07475467035766925,0.1982100097800753,13,-0.17803078277054096,0.04149754282825446
서울 강남구,중식,호우,00_05,-0.0765157601583567,0.3377327097760421,12,-0.21521809544684511,0.08670082259539957
서울 강남구,중식,폭염,06_11,0.05126630270520027,0.07830398915296555,12,-0.00564592794771579,0.11143592636220556
서울 강남구,중식,호우,06_11,-0.08425995912010831,0.029222369048260557,12,-0.15392331895585976,-0.008860731824192003
서울 강남구,중식,폭염,12_17,0.03423290830497083,0.1886079507325532,33,-0.016385443089642626,0.08745615963717457
서울 강남구,중식,호우,12_17,-0.0672910495734137,0.31771185112054556,7,-0.18642163697373715,0.06928358194031992
서울 강남구,중식,폭염,18_23,0.10877368252295061,0.005505810873620694,17,0.030812661094659965,0.1926309459082305
서울 강남구,중식,호우,18_23,-0.08146960511119372,0.2091559007407391,13,-0.19555642771643444,0.04879710075821664
서울 강남구,치과병원,폭염,06_11,0.5674553117388657,0.002868286264810605,12,0.16647888967221203,1.1062671395526014
서울 강남구,치과병원,호우,06_11,-0.08116371473474149,0.33405940519856725,11,-0.22616832684951127,0.09101261736009914
서울 강남구,치과병원,폭염,12_17,-0.14289824866538525,0.1209906124655655,33,-0.29468178166244285,0.041548896712719774
서울 강남구,치과병원,호우,12_17,-0.5277059951306796,0.35763371053178583,7,-0.9044885874747971,1.3354447509258818
서울 강남구,치과병원,폭염,18_23,-0.22616962539303587,0.2067946732414544,17,-0.4802897440176237,0.15220633376275083
서울 강남구,치과병원,호우,18_23,0.12959837798758467,0.47285048559566645,13,-0.19011887656662252,0.5755306039765329
서울 강남구,커피전문점,호우,00_05,-0.013830000769495032,0.7778840115849663,12,-0.10478753249581507,0.08636921701243838
서울 강남구,커피전문점,폭염,06_11,0.062134694101277255,0.009613806028903927,12,0.014760523353657184,0.11172053154500339
서울 강남구,커피전문점,호우,06_11,-0.031603144048801046,0.37404504315734566,12,-0.0978013018614251,0.03945225431053023
서울 강남구,커피전문점,폭염,12_17,0.036053525150492316,0.05408533924190506,33,-0.0006222074083200857,0.0740752045261106
서울 강남구,커피전문점,호우,12_17,-0.06476552505689337,0.04893056144186437,7,-0.12506292963357035,-0.000312647907588115
서울 강남구,커피전문점,폭염,18_23,0.04844509844708367,0.14009829907866309,17,-0.015417385404882578,0.11644986226955267
서울 강남구,커피전문점,호우,18_23,-0.08550519105121657,3.3999032861656936e-05,13,-0.12335264942451674,-0.04602374598488834
서울 강남구,패션잡화,폭염,06_11,0.2675995681169747,0.37267857646558367,12,-0.2474015100406579,1.1350144685742678
서울 강남구,패션잡화,호우,06_11,-0.23507617133206515,0.35219463334357337,12,-0.5650590886471158,0.3452596626149327
서울 강남구,패션잡화,폭염,12_17,0.07172265301826619,0.3841432993982413,33,-0.08307686012273252,0.25265618789624233
서울 강남구,패션잡화,호우,12_17,-0.45875745982127347,0.12221779296572104,7,-0.7515225660842494,0.17895409125339934
서울 강남구,패션잡화,폭염,18_23,0.36654953258763046,0.21307701223166287,17,-0.16413476177549546,1.2341611298278345
서울 강남구,패션잡화,호우,18_23,-0.11623250400428764,0.6248205285554056,13,-0.4614025148537588,0.45014599681329837
서울 강남구,패스트푸드,호우,00_05,-0.14694519358210312,0.034605644205426396,12,-0.2638776118410132,-0.011438159661695702
서울 강남구,패스트푸드,폭염,06_11,0.017641845310059967,0.7764709774593075,12,-0.09808738795192551,0.1482209157430694
서울 강남구,패스트푸드,호우,06_11,-0.058933883074341775,0.08123755115925511,12,-0.12104752172023014,0.007569189814206512
서울 강남구,패스트푸드,폭염,12_17,0.013680609865272864,0.5088617252482748,33,-0.026372670033121937,0.055381609770329465
서울 강남구,패스트푸드,호우,12_17,-0.12284879337884902,1.0301919766539008e-09,7,-0.1589968888403852,-0.08514697619124856
서울 강남구,패스트푸드,폭염,18_23,0.013973751479166685,0.6903278500939326,17,-0.05293893879264311,0.08561402300503329
서울 강남구,패스트푸드,호우,18_23,-0.09922766367669722,2.6364501895080433e-06,13,-0.13766185204600934,-0.059080473465691674
서울 강남구,편의점,호우,00_05,-0.08923570753312848,0.0010190662310131323,12,-0.1386353052913002,-0.03700302377356868
서울 강남구,편의점,폭염,06_11,0.04782213154664339,0.024816371878848328,12,0.005934159927800886,0.09145435466447793
서울 강남구,편의점,호우,06_11,-0.06612105964616577,0.06040906258585448,12,-0.13047798793917254,0.002999191670136181
서울 강남구,편의점,폭염,12_17,0.0034669880420310495,0.7702790922414494,33,-0.019575403942930558,0.02705093297305683
서울 강남구,편의점,호우,12_17,-0.042402050963729954,0.36274434978690895,7,-0.12770912275878266,0.051247761410316395
서울 강남구,편의점,폭염,18_23,0.03529467026316002,0.03551212000961592,17,0.0023532043169587347,0.06931872882642587
서울 강남구,편의점,호우,18_23,-0.05402391160923292,0.008850405643295362,13,-0.09255356152627914,-0.013858315084443018
서울 강남구,학원/학습지,호우,00_05,-0.16843757071800036,0.2990088763288743,12,-0.41289155639361064,0.17779957233416188
서울 강남구,학원/학습지,폭염,06_11,-0.013020738470495785,0.895247738906422,12,-0.18796067134305838,0.19960699970094753
서울 강남구,학원/학습지,호우,06_11,0.012316789443213239,0.8306037044940959,12,-0.09508605684496074,0.1324671146248857
서울 강남구,학원/학습지,폭염,12_17,-0.10696405639006556,0.012248110912592454,33,-0.18261671211514352,-0.024309392668142582
서울 강남구,학원/학습지,호우,12_17,-0.36415235544692093,0.04701609615781554,7,-0.5932798139638726,-0.005945018308518124
서울 강남구,학원/학습지,폭염,18_23,-0.05840076522124604,0.1937029943485875,17,-0.140085663574676,0.031043536989488363
서울 강남구,학원/학습지,호우,18_23,-0.14462600790630498,0.037912471164389616,13,-0.26193127915874204,-0.008676772650186071
서울 강남구,한식,호우,00_05,-0.0737746152633253,0.09413623256686977,12,-0.1532673746638401,0.01318106526249685
서울 강남구,한식,폭염,06_11,0.08013038832011898,0.02402491472953738,12,0.010186780214377578,0.15491677244576763
서울 강남구,한식,호우,06_11,-0.1250158846069772,0.00031585210955746665,12,-0.18634652299929289,-0.05906233571045705
서울 강남구,한식,폭염,12_17,-0.0010821958409625854,0.9305114454135398,33,-0.025099782866382148,0.023527087110240652
서울 강남구,한식,호우,12_17,-0.11074781583312299,0.05879091412218974,7,-0.21267321783086524,0.004372599731641058
서울 강남구,한식,폭염,18_23,0.021681606974827572,0.3290458816692553,17,-0.021391944002403407,0.06665104546536638
서울 강남구,한식,호우,18_23,-0.07403928143384442,0.07776045089082709,13,-0.14990075435813244,0.008591945850003446
서울 강남구,한의원,폭염,06_11,0.20452462114443026,0.1206050653161517,12,-0.04770753066455691,0.5235650912535608
서울 강남구,한의원,호우,06_11,-0.06388094149615253,0.7405369162109945,12,-0.36665177536426496,0.38362887524968925
서울 강남구,한의원,폭염,12_17,0.015063307294446382,0.9183393463886905,33,-0.23728364558875936,0.3508999929743144
서울 강남구,한의원,호우,12_17,-0.5357568632359738,0.0360594189453907,7,-0.7734560125137807,-0.04865411603292902
서울 강남구,한의원,폭염,18_23,0.9904827929486275,0.01474730253070996,17,0.14463315778954877,2.4613899851335796
서울 강남구,한의원,호우,18_23,0.1866828892480208,0.23245355156062608,13,-0.10398014999944327,0.57163513691483
서울 강남구,할인점/슈퍼마켓/양판점,호우,00_05,-0.1464676683544448,0.18384692882407028,12,-0.32425332809237883,0.07809253297201724
서울 강남구,할인점/슈퍼마켓/양판점,폭염,06_11,0.026321902657606477,0.22842548817741304,12,-0.016166906573585105,0.07064567650011999
서울 강남구,할인점/슈퍼마켓/양판점,호우,06_11,-0.2978520534123412,0.043020333454676964,12,-0.5014859008817824,-0.011037521768561098
서울 강남구,할인점/슈퍼마켓/양판점,폭염,12_17,-0.004496189897967184,0.6968990164397799,33,-0.02681590753365748,0.018335424509560383
서울 강남구,할인점/슈퍼마켓/양판점,호우,12_17,-0.372144403467896,0.07714477204815522,7,-0.6252824078080403,0.051999314445698275
서울 강남구,할인점/슈퍼마켓/양판점,폭염,18_23,0.055849431635568436,0.3202033036817675,17,-0.051440155332759696,0.17527431564029272
서울 강남구,할인점/슈퍼마켓/양판점,호우,18_23,-0.2815609046005363,0.0097315988569629,13,-0.44087195297303805,-0.07685773134984575
서울 강남구,헬스장,호우,00_05,-0.04675330929569155,0.8670359627294033,12,-0.45578966776373875,0.6697206934767002
서울 강남구,헬스장,폭염,06_11,0.11637645336425018,0.04296356449810972,12,0.0034904974707892222,0.24196132277019466
서울 강남구,헬스장,호우,06_11,-0.2166248432094744,0.21851588152186585,12,-0.4690207324951068,0.1557450051869027
서울 강남구,헬스장,폭염,12_17,0.07033850990774937,0.1322894185091142,33,-0.020333078032219287,0.16940206931802315
서울 강남구,헬스장,호우,12_17,-0.28618410660408256,0.24929414216179302,7,-0.5977522760339036,0.2667147613433303
서울 강남구,헬스장,폭염,18_23,0.07180345913645203,0.3387742850124933,17,-0.07015435191483899,0.23543370599466762
서울 강남구,헬스장,호우,18_23,-0.17526240585474584,0.004241662897223895,13,-0.2773002691734763,-0.058817832381655166
서울 강남구,호텔/콘도,호우,00_05,0.8339427646916124,0.0023841675936568207,12,0.24005479728879897,1.712255999910799
서울 강남구,호텔/콘도,폭염,06_11,0.27606267678314556,0.07541641024516924,12,-0.02465628406971332,0.6694996117608172
서울 강남구,호텔/콘도,호우,06_11,0.6165079157582443,0.032583828109554125,12,0.04061801448697211,1.5111018695917235
서울 강남구,호텔/콘도,폭염,12_17,0.21363822824631185,0.0038081810299652984,33,0.06446498410668977,0.38371648767473077
서울 강남구,호텔/콘도,호우,12_17,-0.04963471507420758,0.6999433254855635,7,-0.26641680695641845,0.23120892539099458
서울 강남구,호텔/콘도,폭염,18_23,0.06881360800135061,0.5687804757814621,17,-0.14985438377765403,0.3437257181010893
서울 강남구,호텔/콘도,호우,18_23,0.0380844793988917,0.6657603661564401,13,-0.12384710468022331,0.2299444447713208
서울 강남구,화장품,호우,00_05,-0.05068783867919546,0.7328694772499655,12,-0.29582751829658993,0.27979096463918673
서울 강남구,화장품,폭염,06_11,0.22010659196672222,0.4418797149129412,12,-0.2651533100887118,1.0258104393725485
서울 강남구,화장품,호우,06_11,-0.2466811056283028,0.01392494081529053,12,-0.3989233099478082,-0.055878615808374055
서울 강남구,화장품,폭염,12_17,0.051790571539474195,0.4999675615077426,33,-0.09174078660620599,0.21800405662352618
서울 강남구,화장품,호우,12_17,-0.090239224888363,0.6838521109463778,7,-0.4229213104812958,0.4342319045293741
서울 강남구,화장품,폭염,18_23,-0.16695810923926901,0.004778976598186376,17,-0.26623314521998653,-0.054251650586935374
서울 강남구,화장품,호우,18_23,-0.14202126675838478,0.2662389583713328,13,-0.34506501727347905,0.12397035753130492
서울 강남구,회계/변리서비스,폭염,06_11,-0.12272146361301106,0.6206088485596379,12,-0.4776286251534251,0.47331509241167913
서울 강남구,회계/변리서비스,호우,06_11,-0.31426950735244963,0.008856824924382164,12,-0.4830296202407338,-0.09041924458879247
서울 강남구,회계/변리서비스,폭염,12_17,-0.1334553733518825,0.49199811157226503,33,-0.42410388649029584,0.30388028736032124
서울 강남구,회계/변리서비스,호우,12_17,0.02354802307257886,0.9280205735477465,7,-0.3822805866177007,0.6959974591043101
서울 강남구,회계/변리서비스,폭염,18_23,-0.15411482927705988,0.5065797161954575,17,-0.4838160038379007,0.38617571906332326
서울 강남구,회계/변리서비스,호우,18_23,-0.03181583108959718,0.9041051228891637,13,-0.42784535966268866,0.6383343223015701
