MCT_SGG_CD,항목,계수,표준오차,p,일수,기준일값,n,R2,변화율,하한,상한,시나리오,효과
강원 춘천시,t_30~33,0.0031326307343872983,0.013359049779622713,0.814600693713729,25,8547313030.184211,184,0.9042030343060145,0.00313754254967491,-0.022787459741697824,0.02975032330900529,기본(13개 제외),+0.3%
강원 춘천시,t_33~35,0.014664448997181445,0.01888954673584121,0.4375564396930848,19,8547313030.184211,184,0.9042030343060145,0.014772499550582907,-0.022110951383238042,0.05304709905561644,기본(13개 제외),+1.5%
강원 춘천시,t_35+,0.03767143228560954,0.018632834867319707,0.043199420939711276,11,8547313030.184211,184,0.9042030343060145,0.03838999539432497,0.0011517386878436842,0.07701334459872777,기본(13개 제외),+3.8%*
강원 춘천시,tropical,0.026814636840222228,0.013007637315903738,0.039259814605075036,5,8547313030.184211,184,0.9042030343060145,0.027177384270147265,0.001320538845636543,0.053701924433125825,기본(13개 제외),+2.7%*
강원 춘천시,r_0.1~10,-0.01890350729111201,0.01045389504128876,0.07056385611189556,37,8547313030.184211,184,0.9042030343060145,-0.01872595653467579,-0.038627320724837766,0.0015873855545545101,기본(13개 제외),-1.9%
강원 춘천시,r_10~30,-0.12655937465584,0.031004439427512076,4.4654427505918344e-05,9,8547313030.184211,184,0.9042030343060145,-0.11887816831515596,-0.1708283395096981,-0.06367315808577945,기본(13개 제외),-11.9%*
강원 춘천시,r_30+,-0.07900529009038282,0.015179214592774638,1.9417024310899292e-07,17,8547313030.184211,184,0.9042030343060145,-0.07596496379670126,-0.10305124752668937,-0.048060721666884354,기본(13개 제외),-7.6%*
강원 춘천시,r30_lag1,-0.006672047404190362,0.019310506351853732,0.7297080995067361,18,8547313030.184211,184,0.9042030343060145,-0.006649838715832468,-0.043544141219221455,0.031667623617375185,기본(13개 제외),-0.7%
서울 강남구,t_30~33,-0.07678587055927055,0.03864171843802097,0.046908701824991766,18,56162859565.658226,182,0.8922025347795901,-0.07391186488877854,-0.14146140101796156,-0.0010475533532503523,기본(13개 제외),-7.4%*
서울 강남구,t_33~35,-0.07780851699579026,0.04466702205746893,0.08151406766827349,25,56162859565.658226,182,0.8922025347795901,-0.07485844153094368,-0.15240799083036638,0.009786423122425614,기본(13개 제외),-7.5%
서울 강남구,t_35+,-0.07456569957163306,0.05509634504358164,0.17593769368082712,18,56162859565.658226,182,0.8922025347795901,-0.07185350677121982,-0.16686079327132008,0.03398796495892653,기본(13개 제외),-7.2%
서울 강남구,tropical,0.00036497941276730783,0.02245171008186112,0.9870300029801059,42,56162859565.658226,182,0.8922025347795901,0.00036504602585707424,-0.04270183353202284,0.04536941609591061,기본(13개 제외),+0.0%
서울 강남구,r_0.1~10,-0.029219856374447795,0.011593616780177205,0.011724151873823148,34,56162859565.658226,182,0.8922025347795901,-0.028797084159478126,-0.050617347656810585,-0.006475311710072651,기본(13개 제외),-2.9%*
서울 강남구,r_10~30,-0.024646322852425684,0.02234946029638446,0.270126893600678,12,56162859565.658226,182,0.8922025347795901,-0.02434508213723685,-0.06616103039438803,0.01934332334814859,기본(13개 제외),-2.4%
서울 강남구,r_30+,-0.15093277808254726,0.10063537098039528,0.133666606946231,11,56162859565.658226,182,0.8922025347795901,-0.14009449878699587,-0.29402687247151404,0.04740172420592814,기본(13개 제외),-14.0%
서울 강남구,r30_lag1,-0.011017162440465994,0.0406874258472424,0.7865636218539926,11,56162859565.658226,182,0.8922025347795901,-0.010956695767120328,-0.08676726372698351,0.07114716631823814,기본(13개 제외),-1.1%
강원 춘천시,t_30~33,0.0032168872494291456,0.013266411613892191,0.8084054629107829,25,8553099436.328947,184,0.9044761903234675,0.0032220669839349014,-0.022527655421160864,0.02965011876337753,+컴퓨터·쇼핑몰,+0.3%
강원 춘천시,t_33~35,0.015199964319190684,0.01886051615974893,0.42029212340249966,19,8553099436.328947,184,0.9044761903234675,0.015316071304957157,-0.021531463365082715,0.0535512242380527,+컴퓨터·쇼핑몰,+1.5%
강원 춘천시,t_35+,0.038055047263424235,0.018568726509629832,0.040421443200778,11,8553099436.328947,184,0.9044761903234675,0.03878841376411213,0.0016617224376667128,0.07729120959567393,+컴퓨터·쇼핑몰,+3.9%*
강원 춘천시,tropical,0.02641700086147658,0.013225374782923604,0.045776517818572914,5,8553099436.328947,184,0.9044761903234675,0.02676902278059856,0.0004953889515435517,0.05373261864466761,+컴퓨터·쇼핑몰,+2.7%*
강원 춘천시,r_0.1~10,-0.01887972259138815,0.010464357843232335,0.07120103504734283,37,8553099436.328947,184,0.9044761903234675,-0.018702616948643724,-0.03862416971697158,0.0016317486366905776,+컴퓨터·쇼핑몰,-1.9%
강원 춘천시,r_10~30,-0.12691013769206094,0.03096108149681441,4.1490055677845585e-05,9,8553099436.328947,184,0.9044761903234675,-0.11918717908617193,-0.1710486887071253,-0.0640810685537736,+컴퓨터·쇼핑몰,-11.9%*
강원 춘천시,r_30+,-0.07873263754105597,0.015120542144376354,1.919198302861453e-07,17,8553099436.328947,184,0.9044761903234675,-0.07571298893918044,-0.10270347744882147,-0.04791063227706083,+컴퓨터·쇼핑몰,-7.6%*
강원 춘천시,r30_lag1,-0.006692441357207146,0.019170093242172857,0.7270079001110589,18,8553099436.328947,184,0.9044761903234675,-0.0066700968457785725,-0.04330039015543119,0.03136270397421925,+컴퓨터·쇼핑몰,-0.7%
서울 강남구,t_30~33,-0.07056118094132846,0.031071612839798212,0.023151755212872323,18,69245244648.9367,182,0.9059038224254873,-0.06812927494643661,-0.12318700513055658,-0.009614303970078453,+컴퓨터·쇼핑몰,-6.8%*
서울 강남구,t_33~35,-0.07361476431261316,0.03685035211764828,0.04575268010910986,25,69245244648.9367,182,0.9059038224254873,-0.0709704797610553,-0.13570527760682427,-0.0013871112326735435,+컴퓨터·쇼핑몰,-7.1%*
서울 강남구,t_35+,-0.056361729261170945,0.04326546838112709,0.19267875242325005,18,69245244648.9367,182,0.9059038224254873,-0.054802831429115906,-0.1316514132377511,0.028846826141061932,+컴퓨터·쇼핑몰,-5.5%
서울 강남구,tropical,-0.00457541823384168,0.017328863219748115,0.7917533124483479,42,69245244648.9367,182,0.9059038224254873,-0.00456496695356956,-0.037806774275747856,0.029825276799569034,+컴퓨터·쇼핑몰,-0.5%
서울 강남구,r_0.1~10,-0.02127688668959027,0.011514169012464881,0.06461864811653822,34,69245244648.9367,182,0.9059038224254873,-0.021052130594970797,-0.04289737579449393,0.0012917181249674226,+컴퓨터·쇼핑몰,-2.1%
서울 강남구,r_10~30,-0.01804512620616916,0.01889905875627117,0.3396706872011621,12,69245244648.9367,182,0.9059038224254873,-0.01788328784292803,-0.05359745896038248,0.019178620588508943,+컴퓨터·쇼핑몰,-1.8%
서울 강남구,r_30+,-0.10517050227766173,0.06895405522284723,0.12720279394896825,11,69245244648.9367,182,0.9059038224254873,-0.09982897170953464,-0.21362417385168364,0.030433354166565563,+컴퓨터·쇼핑몰,-10.0%
서울 강남구,r30_lag1,-0.010468507608531963,0.033425407123794895,0.7541362164873103,11,69245244648.9367,182,0.9059038224254873,-0.010413903490074206,-0.07316739381212167,0.05658846685767327,+컴퓨터·쇼핑몰,-1.0%
강원 춘천시,t_30~33,-0.07117398758578508,0.05589896230470375,0.2029253207880486,25,11787721944.092106,184,0.5409849583682153,-0.06870015658062945,-0.16534428264650114,0.03913431648562149,+ZZ_나머지,-6.9%
강원 춘천시,t_33~35,-0.10108435500081114,0.08622815663148657,0.24108088123779936,19,11787721944.092106,184,0.5409849583682153,-0.09614321516986057,-0.23669038374925266,0.07028271371221173,+ZZ_나머지,-9.6%
강원 춘천시,t_35+,0.04025078297532758,0.11220974691469615,0.7198118822741093,11,11787721944.092106,184,0.5409849583682153,0.04107182454721747,-0.16446272753936808,0.297166002749613,+ZZ_나머지,+4.1%
강원 춘천시,tropical,0.08858836184261865,0.05153377513224528,0.0856080036440347,5,11787721944.092106,184,0.5409849583682153,0.09263079521544237,-0.012341054229196735,0.208759420207969,+ZZ_나머지,+9.3%
강원 춘천시,r_0.1~10,-0.030838677069458975,0.048906779271356435,0.5283280147825739,37,11787721944.092106,184,0.5409849583682153,-0.030368015667415538,-0.11899851233805614,0.06717888472114786,+ZZ_나머지,-3.0%
강원 춘천시,r_10~30,-0.10770149681870222,0.10506769160236934,0.3053312455423377,9,11787721944.092106,184,0.5409849583682153,-0.10210441888125887,-0.2692136788994588,0.1032177961109415,+ZZ_나머지,-10.2%
강원 춘천시,r_30+,-0.03277948922377405,0.09793239830218041,0.7378397267361387,17,11787721944.092106,184,0.5409849583682153,-0.03224806420715298,-0.2012657484835132,0.17253492942448512,+ZZ_나머지,-3.2%
강원 춘천시,r30_lag1,0.03590729998066866,0.1271399081394167,0.7776187848520251,18,11787721944.092106,184,0.5409849583682153,0.036559752927920464,-0.19207570565848253,0.3298970323273982,+ZZ_나머지,+3.7%
서울 강남구,t_30~33,-0.02388921836722232,0.06526261209556639,0.7143296046002778,18,91579861702.75949,182,0.8564060095774282,-0.02360612972611753,-0.1408432878516469,0.10962875157494478,+ZZ_나머지,-2.4%
서울 강남구,t_33~35,-0.0665062508515517,0.06032156320809596,0.27023191583741046,25,91579861702.75949,182,0.8564060095774282,-0.06434293281537906,-0.16867670356704778,0.053085064654065484,+ZZ_나머지,-6.4%
서울 강남구,t_35+,-0.007359936318989346,0.07589623027158147,0.922747300719174,18,91579861702.75949,182,0.8564060095774282,-0.007332918311917069,-0.14454051723270167,0.15188147997323664,+ZZ_나머지,-0.7%
서울 강남구,tropical,-0.04833694761064146,0.042675767438796836,0.25735890369601866,42,91579861702.75949,182,0.8564060095774282,-0.047187314974350136,-0.12364275021366977,0.035938269429661274,+ZZ_나머지,-4.7%
서울 강남구,r_0.1~10,-0.0306049656663665,0.02022474830617357,0.13021785922212983,34,91579861702.75949,182,0.8564060095774282,-0.030141375132666792,-0.06783502890367887,0.009076484737763346,+ZZ_나머지,-3.0%
서울 강남구,r_10~30,0.002244263998270518,0.046144326913405614,0.9612095784114579,12,91579861702.75949,182,0.8564060095774282,0.002246784243730149,-0.084420990666069,0.09711844230423639,+ZZ_나머지,+0.2%
서울 강남구,r_30+,-0.18622414716069438,0.0992254786403475,0.06054859352642789,11,91579861702.75949,182,0.8564060095774282,-0.1699124876312582,-0.3166212848413963,0.008291980575671154,+ZZ_나머지,-17.0%
서울 강남구,r30_lag1,-0.018422025527080083,0.06761317017876728,0.7852667382682732,11,91579861702.75949,182,0.8564060095774282,-0.01825337721719733,-0.14010401014477092,0.12086396810352285,+ZZ_나머지,-1.8%
강원 춘천시,t_30~33,0.020664264655845033,0.012421428010408657,0.09619276190138458,25,271322.2894736842,184,0.8812249232934541,0.02087924884928949,-0.003674964971135619,0.04603859592958681,"기본, 결제건수",+2.1%
강원 춘천시,t_33~35,0.01763984743693392,0.01363994967666418,0.19592505076148048,19,271322.2894736842,184,0.8812249232934541,0.017796348409194307,-0.009053224464347642,0.04537340693715208,"기본, 결제건수",+1.8%
강원 춘천시,t_35+,0.0465672912243531,0.01664479699198946,0.005146652623754217,11,271322.2894736842,184,0.8812249232934541,0.0476685755977766,0.014041152961446368,0.08241114385700365,"기본, 결제건수",+4.8%*
강원 춘천시,tropical,0.013455981415173568,0.0068642683261173594,0.04996148114808996,5,271322.2894736842,184,0.8812249232934541,0.013546920567150789,2.015498014706907e-06,0.027275289719847162,"기본, 결제건수",+1.4%*
강원 춘천시,r_0.1~10,-0.030440722695861233,0.006367006844146856,1.7441678003469098e-06,37,271322.2894736842,184,0.8812249232934541,-0.02998206958909866,-0.04201202770944512,-0.017801044966287427,"기본, 결제건수",-3.0%*
강원 춘천시,r_10~30,-0.11523615914040386,0.0361971639275435,0.0014547157403311253,9,271322.2894736842,184,0.8812249232934541,-0.10884433550120254,-0.16987799949946336,-0.043323249005036035,"기본, 결제건수",-10.9%*
강원 춘천시,r_30+,-0.10946303404707303,0.017036543752974993,1.3170473036078997e-10,17,271322.2894736842,184,0.8812249232934541,-0.10368470310120981,-0.1331199477423024,-0.07324997343929518,"기본, 결제건수",-10.4%*
강원 춘천시,r30_lag1,-0.012434002463846627,0.017401765240053987,0.474902384237756,18,271322.2894736842,184,0.8812249232934541,-0.012357019653695067,-0.04547501708450441,0.021910032829059567,"기본, 결제건수",-1.2%
서울 강남구,t_30~33,-0.023507912480142234,0.032619402073724504,0.4711109143894865,18,1624516.012658228,182,0.7378232979330328,-0.023233754005257623,-0.08372793163617476,0.04125437438940538,"기본, 결제건수",-2.3%
서울 강남구,t_33~35,-0.017828963466404918,0.03365619990666876,0.5962936912328454,25,1624516.012658228,182,0.7378232979330328,-0.017670967856651676,-0.08038034719346232,0.04931459918972636,"기본, 결제건수",-1.8%
서울 강남구,t_35+,-0.024773594732234616,0.042421069890438264,0.5592252299314435,18,1624516.012658228,182,0.7378232979330328,-0.02446924767112002,-0.10229959558426294,0.06010896737729898,"기본, 결제건수",-2.4%
서울 강남구,tropical,-0.0057223007833552345,0.01630634117967331,0.7256447072599976,42,1624516.012658228,182,0.7378232979330328,-0.005705959604798472,-0.03698157022962678,0.02658537801934502,"기본, 결제건수",-0.6%
서울 강남구,r_0.1~10,-0.029583608071951317,0.010096520130816413,0.003388751409675367,34,1624516.012658228,182,0.7378232979330328,-0.02915029662402413,-0.04817376539703566,-0.009746619414849111,"기본, 결제건수",-2.9%*
서울 강남구,r_10~30,-0.057496762691904596,0.017948769593008392,0.0013582376018857819,12,1624516.012658228,182,0.7378232979330328,-0.055875053195191704,-0.08851154519624038,-0.022069988400356344,"기본, 결제건수",-5.6%*
서울 강남구,r_30+,-0.16551557267335948,0.09809056498196884,0.09153125688670556,11,1624516.012658228,182,0.7378232979330328,-0.15254333406368037,-0.30076827335794076,0.027102708981545875,"기본, 결제건수",-15.3%
서울 강남구,r30_lag1,0.018644960583934132,0.02556963135891515,0.465889248359588,11,1624516.012658228,182,0.7378232979330328,0.018819863187861996,-0.030981443267053432,0.07118063572047384,"기본, 결제건수",+1.9%
강원 춘천시,t_30~33,-0.007264411964097661,0.04029779896567554,0.8569420139293176,25,9536.592105263158,184,0.8519896211058504,-0.007238089900177269,-0.08263339377764056,0.07435370271823016,"ZZ_나머지만, 결제건수",-0.7%
강원 춘천시,t_33~35,0.039929415276539704,0.04180974463059199,0.33956428150864004,19,9536.592105263158,184,0.8519896211058504,0.04073731144442183,-0.04114717612200025,0.1296146024286795,"ZZ_나머지만, 결제건수",+4.1%
강원 춘천시,t_35+,-0.00013859815373629125,0.049504686661487995,0.997766167407313,11,9536.592105263158,184,0.8519896211058504,-0.00013858854945592025,-0.09259625447916009,0.10173982314129004,"ZZ_나머지만, 결제건수",-0.0%
강원 춘천시,tropical,0.012429183719996573,0.04802030740436956,0.7957650029133932,5,9536.592105263158,184,0.8519896211058504,0.012506747040437638,-0.07844297297757874,0.11243241898416612,"ZZ_나머지만, 결제건수",+1.3%
강원 춘천시,r_0.1~10,-0.04749942706312571,0.023951227885592605,0.0473481152112227,37,9536.592105263158,184,0.8519896211058504,-0.0463889805086134,-0.09012116229854139,-0.0005548664120293978,"ZZ_나머지만, 결제건수",-4.6%*
강원 춘천시,r_10~30,-0.1343763611419453,0.04527364902443208,0.002996545043706294,9,9536.592105263158,184,0.8519896211058504,-0.12573903517804463,-0.19997532915209904,-0.044614169458869646,"ZZ_나머지만, 결제건수",-12.6%*
강원 춘천시,r_30+,-0.08855081259924047,0.04312370227826001,0.04003244577765269,17,9536.592105263158,184,0.8519896211058504,-0.08474339701255196,-0.15892401226393382,-0.0040202531914443895,"ZZ_나머지만, 결제건수",-8.5%*
강원 춘천시,r30_lag1,0.017561494233761854,0.03427713160431479,0.6084141238544172,18,9536.592105263158,184,0.8519896211058504,0.017716603929278207,-0.04841064183303967,0.08843912242618535,"ZZ_나머지만, 결제건수",+1.8%
서울 강남구,t_30~33,0.04594535194396477,0.043665859989399716,0.2927063912015907,18,534947.7341772151,182,0.705889659337059,0.04701719193932252,-0.03886435837034208,0.14057262339971155,"ZZ_나머지만, 결제건수",+4.7%
서울 강남구,t_33~35,-0.0003236904173152082,0.03464624118723529,0.9925456897937713,25,534947.7341772151,182,0.705889659337059,-0.00032363803522406087,-0.06595468345387945,0.06991899747059471,"ZZ_나머지만, 결제건수",-0.0%
서울 강남구,t_35+,0.027339261073486693,0.04200179462496469,0.5151065387972817,18,534947.7341772151,182,0.705889659337059,0.027716407797836018,-0.053499950837543664,0.11590170099991481,"ZZ_나머지만, 결제건수",+2.8%
서울 강남구,tropical,-0.019808728713645203,0.03190964744469756,0.534747317211415,42,534947.7341772151,182,0.705889659337059,-0.019613824900835186,-0.0790519383105831,0.04366043244870155,"ZZ_나머지만, 결제건수",-2.0%
서울 강남구,r_0.1~10,0.006532656006478177,0.01837996855393667,0.7222730286875549,34,534947.7341772151,182,0.705889659337059,0.006554040343873746,-0.02906143484647805,0.043475944301769376,"ZZ_나머지만, 결제건수",+0.7%
서울 강남구,r_10~30,0.0024661734803231097,0.04310041607287757,0.9543705440366594,12,534947.7341772151,182,0.705889659337059,0.0024692169875653036,-0.078737845448412,0.09083448836211616,"ZZ_나머지만, 결제건수",+0.2%
서울 강남구,r_30+,-0.10517424209977007,0.05210697000185217,0.0435465562395119,11,534947.7341772151,182,0.705889659337059,-0.09983233818275261,-0.18722739182947612,-0.0030399508597552805,"ZZ_나머지만, 결제건수",-10.0%*
서울 강남구,r30_lag1,-0.03910107589750686,0.03436006036049904,0.2551286586395163,11,534947.7341772151,182,0.705889659337059,-0.038346495757118904,-0.100977119883366,0.028647304396343776,"ZZ_나머지만, 결제건수",-3.8%
