MCT_SGG_CD,group,항목,계수,표준오차,p,일수,기준일값,n,R2,변화율,하한,상한,q,매출비중
강원 춘천시,가정·내구재,t_30~33,0.1803678614059605,0.07501211665085138,0.016193881526472692,25,177472209.88157895,184,0.5787938347723317,0.19765785419911475,0.033906258380839605,0.3873446689172395,0.17151408181057567,0.02001466041084603
강원 춘천시,가정·내구재,t_33~35,0.11842070889546363,0.09904854621121509,0.23185952241356678,19,177472209.88157895,184,0.5787938347723317,0.12571761117036817,-0.07291909556880904,0.3669142941485064,0.8989287509173574,0.02001466041084603
강원 춘천시,가정·내구재,t_35+,0.1688812944787732,0.11234854417775235,0.132789857345604,11,177472209.88157895,184,0.5787938347723317,0.18397958566807215,-0.05002712944858789,0.4756291497725189,0.48322351839994565,0.02001466041084603
강원 춘천시,가정·내구재,tropical,-0.03109608949834275,0.06130091798269423,0.6119656960534294,5,177472209.88157895,184,0.5787938347723317,-0.030617578869912898,-0.14036370222019967,0.09313936698929215,0.7343588352641153,0.02001466041084603
강원 춘천시,가정·내구재,r_0.1~10,-0.0021668927613718303,0.052915832126455876,0.9673359157729137,37,177472209.88157895,184,0.5787938347723317,-0.002164546744080731,-0.10046914494564974,0.10688320048152922,0.9673359157729137,0.02001466041084603
강원 춘천시,가정·내구재,r_10~30,-0.548218710300302,0.23614836279198792,0.020259808790316473,9,177472209.88157895,184,0.5787938347723317,-0.42202155899245586,-0.6361703448984171,-0.0818255917697519,0.040519617580632945,0.02001466041084603
강원 춘천시,가정·내구재,r_30+,-0.1225549279882423,0.09185324406791145,0.1821228757729796,17,177472209.88157895,184,0.5787938347723317,-0.11534268883746956,-0.2610960107965624,0.05916136552058182,0.24283050103063944,0.02001466041084603
강원 춘천시,가정·내구재,r30_lag1,-0.1474570610656578,0.0841331210800926,0.07965976279989936,18,177472209.88157895,184,0.5787938347723317,-0.1371005104895756,-0.2682804584397048,0.017596888842956737,0.31863905119959746,0.02001466041084603
강원 춘천시,교육,t_30~33,-0.06917606471795334,0.07711860821396105,0.36971425931511803,25,262550427.36842105,184,0.9081443257560977,-0.06683763135533682,-0.1977448157034727,0.08543020138671809,0.5545713889726771,0.028118354032403564
강원 춘천시,교육,t_33~35,-0.012119762730693928,0.09542014561888705,0.8989287509173574,19,262550427.36842105,184,0.9081443257560977,-0.012046614218794605,-0.18056749725978116,0.1911315321427769,0.8989287509173574,0.028118354032403564
강원 춘천시,교육,t_35+,0.006273453748776525,0.10190494814343697,0.9509117850171708,11,262550427.36842105,184,0.9081443257560977,0.006293173074271019,-0.17589740193788272,0.22876199220470994,0.9863159541909007,0.028118354032403564
강원 춘천시,교육,tropical,-0.17704635283180625,0.13354306950512151,0.18491847927289606,5,262550427.36842105,184,0.9081443257560977,-0.16225904804244218,-0.3551843190935977,0.0883883927888316,0.5547554378186882,0.028118354032403564
강원 춘천시,교육,r_0.1~10,0.09281545634579358,0.07952263606803597,0.24314669317022686,37,262550427.36842105,184,0.9081443257560977,0.09725922435573042,-0.06110244923943886,0.28233139436613497,0.41682290257753174,0.028118354032403564
강원 춘천시,교육,r_10~30,-0.5363293203550064,0.20244892743285933,0.008068065631957324,9,262550427.36842105,184,0.9081443257560977,-0.41510873472717813,-0.6066790045267563,-0.1302325679796713,0.019363357516697578,0.028118354032403564
강원 춘천시,교육,r_30+,0.06906827933055748,0.09292945979243922,0.4573403789439394,17,262550427.36842105,184,0.9081443257560977,0.07150936859305235,-0.10691494998513029,0.2855800541768845,0.4989167770297521,0.028118354032403564
강원 춘천시,교육,r30_lag1,0.06475450232389846,0.0786167980991728,0.41012561342032083,18,262550427.36842105,184,0.9081443257560977,0.06689707147940593,-0.08546031971508483,0.24463638447783542,0.8202512268406417,0.028118354032403564
강원 춘천시,문화·취미,t_30~33,-0.06863173319692573,0.036191517561910594,0.05791396546774019,25,242391175.40789473,184,0.8314352800641842,-0.06632954339224517,-0.1302653445752937,0.00230629664451798,0.17151408181057567,0.0273890697698194
강원 춘천시,문화·취미,t_33~35,0.018742137605411102,0.052721577145797616,0.7222204872805493,19,242391175.40789473,184,0.8314352800641842,0.018918873878292164,-0.08111302726786773,0.12984045084297335,0.8989287509173574,0.0273890697698194
강원 춘천시,문화·취미,t_35+,0.11097789071910036,0.09836096340235619,0.2592051942789023,11,242391175.40789473,184,0.8314352800641842,0.11737020232968742,-0.07855261216461595,0.354951118790662,0.48322351839994565,0.0273890697698194
강원 춘천시,문화·취미,tropical,0.06857967536521592,0.09076044919444512,0.44988191967564206,5,242391175.40789473,184,0.8314352800641842,0.07098595274859898,-0.10354824754180425,0.2795009969466402,0.6679879839481132,0.0273890697698194
강원 춘천시,문화·취미,r_0.1~10,-0.0650501985306059,0.029300065386776163,0.026409378323929387,37,242391175.40789473,184,0.8314352800641842,-0.0629795748517018,-0.1152749203422293,-0.007593096055637849,0.06338250797743053,0.0273890697698194
강원 춘천시,문화·취미,r_10~30,-0.04704938395748659,0.03538273560793794,0.18360818814056779,9,242391175.40789473,184,0.8314352800641842,-0.04595971785772679,-0.10988049122578081,0.022551298986281276,0.24481091752075704,0.0273890697698194
강원 춘천시,문화·취미,r_30+,-0.06686545779955821,0.03995946137596721,0.0942618952965402,17,242391175.40789473,184,0.8314352800641842,-0.06467896697834696,-0.13513858788669142,0.011520947240594825,0.1413928429448103,0.0273890697698194
강원 춘천시,문화·취미,r30_lag1,-0.011473626024322447,0.04734489972977846,0.8085156904092359,18,242391175.40789473,184,0.8314352800641842,-0.011408054995997063,-0.0990176667437147,0.08472052964083998,0.9294298440821406,0.0273890697698194
강원 춘천시,미용·생활서비스,t_30~33,-0.15334653836700562,0.08507358962257802,0.07146420075440653,25,210700376.2368421,184,0.6523799351091921,-0.14216760154113173,-0.27391687540717824,0.013487848596350105,0.17151408181057567,0.024143907363006138
강원 춘천시,미용·생활서비스,t_33~35,0.11102020400079304,0.11417562811611491,0.3308697843372589,19,210700376.2368421,184,0.6523799351091921,0.11741748293010534,-0.10663855566994407,0.39766702389334796,0.8989287509173574,0.024143907363006138
강원 춘천시,미용·생활서비스,t_35+,0.13082354959053433,0.10730945551455257,0.22279707205190025,11,210700376.2368421,184,0.6523799351091921,0.13976665127546073,-0.07642473526184701,0.4065643255701332,0.48322351839994565,0.024143907363006138
강원 춘천시,미용·생활서비스,tropical,0.06929021635234367,0.06881823449634207,0.3140028333203443,5,210700376.2368421,184,0.6523799351091921,0.07174720258224143,-0.06348854294109285,0.22651149389046887,0.6262639122044196,0.024143907363006138
강원 춘천시,미용·생활서비스,r_0.1~10,-0.03294102628140194,0.04129765517615256,0.4250743067470718,37,210700376.2368421,184,0.6523799351091921,-0.03240437938168805,-0.10763892028744826,0.04917315011241796,0.6376114601206078,0.024143907363006138
강원 춘천시,미용·생활서비스,r_10~30,-0.18525585557898516,0.15618807600751475,0.235579830821397,9,210700376.2368421,184,0.6523799351091921,-0.1691083316150298,-0.3882211907260342,0.12848133038618204,0.2644042010858509,0.024143907363006138
강원 춘천시,미용·생활서비스,r_30+,0.02596120339965502,0.07736914291201358,0.7372103559383683,17,210700376.2368421,184,0.6523799351091921,0.0263011307062484,-0.11810503441751086,0.19435312820186756,0.7372103559383683,0.024143907363006138
강원 춘천시,미용·생활서비스,r30_lag1,0.16105665651916734,0.0645818017291741,0.012636962482871732,18,210700376.2368421,184,0.6523799351091921,0.17475152426070495,0.03507752276022624,0.3332732219638139,0.0758217748972304,0.024143907363006138
강원 춘천시,생활소매,t_30~33,0.012048882200160538,0.020158877784502448,0.5500427425015444,25,2517111464.9342103,184,0.8940661509852492,0.012121762395456592,-0.027088851724779817,0.05291265675239498,0.7333903233353926,0.30172315284848966
강원 춘천시,생활소매,t_33~35,0.00845421736533325,0.02916860915884619,0.7719389680693582,19,2517111464.9342103,184,0.8940661509852492,0.00849005518333934,-0.047548656843181436,0.06782587762726267,0.8989287509173574,0.30172315284848966
강원 춘천시,생활소매,t_35+,0.05022405382757267,0.03442799731433872,0.14461623345573368,11,2517111464.9342103,184,0.8940661509852492,0.051506664077920705,-0.017106809015160596,0.12490988313025309,0.48322351839994565,0.30172315284848966
강원 춘천시,생활소매,tropical,0.059492565907659944,0.02094475249999856,0.004504964005524104,5,2517111464.9342103,184,0.8940661509852492,0.06129787116383523,0.018611933518230206,0.10577260512403952,0.05405956806628925,0.30172315284848966
강원 춘천시,생활소매,r_0.1~10,-0.007397260240905923,0.01879702007174254,0.6939253628867648,37,2517111464.9342103,184,0.8940661509852492,-0.00736996784914179,-0.04327512861804439,0.029882686445227957,0.8327104354641177,0.30172315284848966
강원 춘천시,생활소매,r_10~30,-0.052491680435623245,0.023236592852713137,0.02388280348883193,9,2517111464.9342103,184,0.8940661509852492,-0.05113778485675291,-0.09338319324949607,-0.006923877185172955,0.040941948837997594,0.30172315284848966
강원 춘천시,생활소매,r_30+,-0.05094147423496853,0.018503638202761435,0.0059042555624731164,17,2517111464.9342103,184,0.8940661509852492,-0.049665712053877153,-0.08351410795168324,-0.014567199907915662,0.014170213349935479,0.30172315284848966
강원 춘천시,생활소매,r30_lag1,-0.0020315795110119605,0.02293957624587177,0.9294298440821406,18,2517111464.9342103,184,0.8940661509852492,-0.002029517250142554,-0.045906065889559144,0.04386481124477859,0.9294298440821406,0.30172315284848966
강원 춘천시,숙박·여행,t_30~33,0.028216745101443008,0.20670786403050953,0.8914217351292922,25,50382688.96052632,184,0.6493354781991854,0.028618608306325788,-0.3140363687953899,0.5424378104361107,0.8914217351292922,0.005929805052152775
강원 춘천시,숙박·여행,t_33~35,-0.041450156328135535,0.28457620738605105,0.8841931678407167,19,50382688.96052632,184,0.6493354781991854,-0.04060284597333397,-0.4507598617432079,0.6758478396641177,0.8989287509173574,0.005929805052152775
강원 춘천시,숙박·여행,t_35+,0.004107369504358083,0.23947932449281148,0.9863159541909007,11,50382688.96052632,184,0.6493354781991854,0.0041158163072347875,-0.3720357912042702,0.60558286353915,0.9863159541909007,0.005929805052152775
강원 춘천시,숙박·여행,tropical,0.03003755804146291,0.12512388630722782,0.8102817733871759,5,50382688.96052632,184,0.6493354781991854,0.03049323653442082,-0.193624092820335,0.3168998491749144,0.8102817733871759,0.005929805052152775
강원 춘천시,숙박·여행,r_0.1~10,0.009323889399847962,0.07669747426165623,0.9032418718580768,37,50382688.96052632,184,0.6493354781991854,0.009367492267362776,-0.13151343285709782,0.1731013155422425,0.9673359157729137,0.005929805052152775
강원 춘천시,숙박·여행,r_10~30,-0.16390568643877668,0.14020031051110035,0.24237051766203,9,50382688.96052632,184,0.6493354781991854,-0.15117792646223072,-0.3551246876374421,0.11726856139886399,0.2644042010858509,0.005929805052152775
강원 춘천시,숙박·여행,r_30+,-0.1828788678057327,0.09259391058794186,0.04826092431147218,17,50382688.96052632,184,0.6493354781991854,-0.16713096311903486,-0.3053609581359853,-0.0013938307676893968,0.09652184862294436,0.005929805052152775
강원 춘천시,숙박·여행,r30_lag1,-0.196862776302549,0.07701602237944626,0.010584431416812553,18,50382688.96052632,184,0.6493354781991854,-0.17869667214032237,-0.29376990441863315,-0.0448733910184016,0.0758217748972304,0.005929805052152775
강원 춘천시,야외·레저,t_30~33,0.01797591170784285,0.06944240256840284,0.795742690934539,25,402581340.2631579,184,0.8984849290697702,0.018138450877944967,-0.11142053428320209,0.16658773373739155,0.8807421560691002,0.04909778899633918
강원 춘천시,야외·레저,t_33~35,0.039605293025815946,0.06640494746347754,0.5508941371071553,19,402581340.2631579,184,0.8984849290697702,0.040400039986169034,-0.08656988084298645,0.18501921548435152,0.8989287509173574,0.04909778899633918
강원 춘천시,야외·레저,t_35+,0.0194113873208126,0.08020457845854378,0.8087620069612258,11,402581340.2631579,184,0.8984849290697702,0.019601013279992197,-0.12871799800817896,0.1931684849509212,0.9705144083534709,0.04909778899633918
강원 춘천시,야외·레저,tropical,-0.12912035718014891,0.049775609053480885,0.009485303232625638,5,402581340.2631579,184,0.8984849290697702,-0.12113181891624669,-0.2028246014367855,-0.03106733961733721,0.05691181939575383,0.04909778899633918
강원 춘천시,야외·레저,r_0.1~10,-0.10929239011197178,0.04217756992845295,0.009562956196652346,37,402581340.2631579,184,0.8984849290697702,-0.10353173928105264,-0.17466047113512118,-0.026273049611772903,0.038251824786609386,0.04909778899633918
강원 춘천시,야외·레저,r_10~30,-0.4274162881357899,0.09834112501481679,1.3847719411468141e-05,9,402581340.2631579,184,0.8984849290697702,-0.34780800408117085,-0.4621442584532567,-0.20916638666462994,0.0001661726329376177,0.04909778899633918
강원 춘천시,야외·레저,r_30+,-0.5617032717696775,0.05906749010657628,1.91550749749506e-21,17,402581340.2631579,184,0.8984849290697702,-0.429763032317229,-0.49210246392034684,-0.35977204807497754,2.2986089969940723e-20,0.04909778899633918
강원 춘천시,야외·레저,r30_lag1,-0.03199681014378952,0.05849983005308027,0.5844092302203855,18,402581340.2631579,184,0.8984849290697702,-0.031490328519139354,-0.13640941034432608,0.0861755500670327,0.8990083187017023,0.04909778899633918
강원 춘천시,외식,t_30~33,0.005375825662797595,0.022045622911497482,0.8073469763966752,25,2128737566.0394738,184,0.9217913291598546,0.0053903013415264045,-0.03712684576675929,0.0497848585637819,0.8807421560691002,0.26194242313828436
강원 춘천시,외식,t_33~35,0.017616586314034954,0.02237028160797403,0.4309895018292528,19,2128737566.0394738,184,0.9217913291598546,0.017772673598600353,-0.025888168930721323,0.06339044664613347,0.8989287509173574,0.26194242313828436
강원 춘천시,외식,t_35+,0.03767280158633479,0.029560921634804,0.20251734199100502,11,2128737566.0394738,184,0.9217913291598546,0.03839141726347206,-0.02006261754978056,0.10033228118146376,0.48322351839994565,0.26194242313828436
강원 춘천시,외식,tropical,0.01484555969913437,0.0156327071654033,0.3422914455726661,5,2128737566.0394738,184,0.9217913291598546,0.014956302354124151,-0.015670466617857093,0.04653600319074247,0.6262639122044196,0.26194242313828436
강원 춘천시,외식,r_0.1~10,-0.03819123023613025,0.01170271095261665,0.0011006400020305287,37,2128737566.0394738,184,0.9217913291598546,-0.03747114133020846,-0.05929768935483748,-0.015138165083515509,0.012097240624806762,0.26194242313828436
강원 춘천시,외식,r_10~30,-0.06714030307336971,0.022252421601870544,0.0025511020849623913,9,2128737566.0394738,184,0.9217913291598546,-0.0649360002199656,-0.10484200844841363,-0.02325098816452964,0.007653306254887174,0.26194242313828436
강원 춘천시,외식,r_30+,-0.08885599581698589,0.0307249688656148,0.0038282230167573732,17,2128737566.0394738,184,0.9217913291598546,-0.08502267535001606,-0.1384971671933285,-0.028228959043349655,0.011484669050272121,0.26194242313828436
강원 춘천시,외식,r30_lag1,-0.03686167066831336,0.027651550794392122,0.18250624807813587,18,2128737566.0394738,184,0.9217913291598546,-0.036190550754782835,-0.08703589100275877,0.017486498428358033,0.4380149953875261,0.26194242313828436
강원 춘천시,의료,t_30~33,-0.05631836963313752,0.04973595357151584,0.2574884778332023,25,1183247560.5789473,184,0.9535166768507681,-0.054761847142943076,-0.1425572265181283,0.042023086845119906,0.44140881914263247,0.1284752322865528
강원 춘천시,의료,t_33~35,-0.03020478743567523,0.05628971402240952,0.5915472962654317,19,1183247560.5789473,184,0.9535166768507681,-0.029753181155937836,-0.13110468490728955,0.08342037656927404,0.8989287509173574,0.1284752322865528
강원 춘천시,의료,t_35+,-0.05026581061799629,0.10129438679225417,0.6197286855073543,11,1183247560.5789473,184,0.9535166768507681,-0.04902338877875323,-0.22026628509317148,0.15982738440123656,0.8263049140098057,0.1284752322865528
강원 춘천시,의료,tropical,0.06397334082502848,0.04308878579556009,0.13762687565158196,5,1183247560.5789473,184,0.9535166768507681,0.0660639779965495,-0.020272374718386166,0.16000853283600458,0.5505075026063279,0.1284752322865528
강원 춘천시,의료,r_0.1~10,0.01528930577685772,0.030176733986132027,0.6123942911157929,37,1183247560.5789473,184,0.9535166768507681,0.01540678517495464,-0.04290927717863369,0.07727607717264906,0.8165257214877238,0.1284752322865528
강원 춘천시,의료,r_10~30,-0.20029791293223598,0.14271094130647546,0.16046130486569987,9,1183247560.5789473,184,0.9535166768507681,-0.18151312107294393,-0.3812236362294569,0.08265410607082546,0.2406919572985498,0.1284752322865528
강원 춘천시,의료,r_30+,-0.06111432450226317,0.06172340636925569,0.3221095669149012,17,1183247560.5789473,184,0.9535166768507681,-0.05928431322450656,-0.1664755149066628,0.06169167093680894,0.3865314802978814,0.1284752322865528
강원 춘천시,의료,r30_lag1,-0.006649927865234773,0.04701986449013773,0.8875317942752402,18,1183247560.5789473,184,0.9535166768507681,-0.006627866025231466,-0.09408415382147639,0.08927137186109535,0.9294298440821406,0.1284752322865528
강원 춘천시,주점·유흥,t_30~33,-0.1452576214836494,0.07146318242535035,0.04209074874506833,25,70077163.71052632,184,0.6980862367806656,-0.1352005265130063,-0.2482304556921887,-0.00517634026796443,0.17151408181057567,0.008356185588890454
강원 춘천시,주점·유흥,t_33~35,-0.14629879206454532,0.1043637726452313,0.16097024010058048,19,70077163.71052632,184,0.6980862367806656,-0.13610046170885315,-0.2959118984798358,0.05998441196251769,0.8989287509173574,0.008356185588890454
강원 춘천시,주점·유흥,t_35+,-0.21820723865314928,0.12606621785415123,0.0834707023012974,11,70077163.71052632,184,0.6980862367806656,-0.19604118694039396,-0.37205143934093454,0.029303693948803833,0.48322351839994565,0.008356185588890454
강원 춘천시,주점·유흥,tropical,0.0811310710453137,0.1205636728294429,0.5009909879610849,5,70077163.71052632,184,0.6980862367806656,0.08451303550862743,-0.1437335926326343,0.3736011527117207,0.6679879839481132,0.008356185588890454
강원 춘천시,주점·유흥,r_0.1~10,-0.04900967106737264,0.038804823016689596,0.20659677774069507,37,70077163.71052632,184,0.6980862367806656,-0.04782807886482299,-0.11756233230834845,0.02741689367124356,0.41319355548139014,0.008356185588890454
강원 춘천시,주점·유흥,r_10~30,-0.024644883378198035,0.06944153670276887,0.7226636237748312,9,70077163.71052632,184,0.6980862367806656,-0.024343677706116673,-0.14849533073264853,0.11790961763141095,0.7226636237748312,0.008356185588890454
강원 춘천시,주점·유흥,r_30+,-0.14733223131665385,0.07868745802063438,0.061155088929803154,17,70077163.71052632,184,0.6980862367806656,-0.13699278823955352,-0.2603362951890189,0.006919012932866453,0.10483729530823398,0.008356185588890454
강원 춘천시,주점·유흥,r30_lag1,-0.026463672812406358,0.050373272031130734,0.5993388791344681,18,70077163.71052632,184,0.6980862367806656,-0.026116578361304654,-0.11767541987308938,0.07494332619212662,0.8990083187017023,0.008356185588890454
강원 춘천시,차량·교통,t_30~33,0.04721738286091348,0.025033032205493643,0.059267591421839086,25,1100785876.0657895,184,0.9059407519952254,0.048349877607034575,-0.0018456549421604906,0.10106966053932176,0.17151408181057567,0.12225242226655518
강원 춘천시,차량·교통,t_33~35,0.024772882297400933,0.0260817810963197,0.34220596294147576,19,1100785876.0657895,184,0.9059407519952254,0.025082279751946768,-0.02600334403993676,0.07884731824431856,0.8989287509173574,0.12225242226655518
강원 춘천시,차량·교통,t_35+,0.036129319561142736,0.03357416424558988,0.28188038573330165,11,1100785876.0657895,184,0.9059407519952254,0.0367899150387041,-0.02924003227797567,0.10731114144353415,0.48322351839994565,0.12225242226655518
강원 춘천시,차량·교통,tropical,0.04814997695935208,0.05318833188904691,0.3653206154525781,5,1100785876.0657895,184,0.9059407519952254,0.04932801854933144,-0.05455461301729747,0.1646249541992968,0.6262639122044196,0.12225242226655518
강원 춘천시,차량·교통,r_0.1~10,-0.02726156256774448,0.011774444904354382,0.02059563598518099,37,1100785876.0657895,184,0.9059407519952254,-0.026893320047998714,-0.04909343890385742,-0.004174911280830362,0.06178690795554297,0.12225242226655518
강원 춘천시,차량·교통,r_10~30,-0.1363808981267125,0.03809349288423963,0.00034338048008853583,9,1100785876.0657895,184,0.9059407519952254,-0.12748976832546788,-0.19026167914175218,-0.05985170175734611,0.0020602828805312153,0.12225242226655518
강원 춘천시,차량·교통,r_30+,-0.09645922669652274,0.019350449717307667,6.200762326812916e-07,17,1100785876.0657895,184,0.9059407519952254,-0.09195307908235861,-0.12574755655857728,-0.05685226644350094,3.72045739608775e-06,0.12225242226655518
강원 춘천시,차량·교통,r30_lag1,0.03151607571409021,0.021929476253620114,0.15067370659419563,18,1100785876.0657895,184,0.9059407519952254,0.03201796588805084,-0.01140021712987871,0.0773430263393391,0.4380149953875261,0.12225242226655518
강원 춘천시,패션·뷰티소매,t_30~33,-0.0674168504587569,0.040317307135244555,0.09449344975642801,25,201275180.7368421,184,0.6848764965529436,-0.06519455397144458,-0.13622138223044467,0.011672671617093622,0.18898689951285602,0.02255699824666043
강원 춘천시,패션·뷰티소매,t_33~35,-0.027580104582250797,0.09109797327482397,0.7620787741894027,19,201275180.7368421,184,0.6848764965529436,-0.027203246045313767,-0.18627445016860866,0.16296400512538933,0.8989287509173574,0.02255699824666043
강원 춘천시,패션·뷰티소매,t_35+,0.0693214227973038,0.10698170161475767,0.5170013939198794,11,201275180.7368421,184,0.6848764965529436,0.07178064852419164,-0.13095703440548168,0.32181469044524613,0.7755020908798191,0.02255699824666043
강원 춘천시,패션·뷰티소매,tropical,-0.01592552851161244,0.03792810498938938,0.6745678067790915,5,201275180.7368421,184,0.6848764965529436,-0.015799387789373398,-0.08631062198697759,0.06015333918215515,0.7358921528499179,0.02255699824666043
강원 춘천시,패션·뷰티소매,r_0.1~10,-0.09365397246387608,0.030329983837566965,0.002016206770801127,37,201275180.7368421,184,0.6848764965529436,-0.08940220035517388,-0.1419567224965418,-0.03362875223428685,0.012097240624806762,0.02255699824666043
강원 춘천시,패션·뷰티소매,r_10~30,-0.36117978987051735,0.10727829614633781,0.0007605809898163886,9,201275180.7368421,184,0.6848764965529436,-0.30314630003297693,-0.43529129678443534,-0.14007863453742242,0.0030423239592655546,0.02255699824666043
강원 춘천시,패션·뷰티소매,r_30+,-0.13487961227711054,0.04481685441379239,0.002616148693599321,17,201275180.7368421,184,0.6848764965529436,-0.1261788973111797,-0.1996616049418134,-0.045949408126555125,0.010464594774397285,0.02255699824666043
강원 춘천시,패션·뷰티소매,r30_lag1,0.008973766061656008,0.04473889035508425,0.8410263086565832,18,201275180.7368421,184,0.6848764965529436,0.00901415101162728,-0.07569618662879385,0.10148799800833008,0.9294298440821406,0.02255699824666043
서울 강남구,가정·내구재,t_30~33,-0.05920572670527521,0.1536382453000317,0.6999721964853047,18,591620651.4177215,182,0.38134464484186137,-0.057487150852613245,-0.3025585332830324,0.2736989599851576,0.7390338576348903,0.010671497840276073
서울 강남구,가정·내구재,t_33~35,-0.011254053140077554,0.142968606011295,0.9372577602209438,25,591620651.4177215,182,0.38134464484186137,-0.011190963178425162,-0.25283745534143587,0.30860857291343,0.9372577602209438,0.010671497840276073
서울 강남구,가정·내구재,t_35+,-0.16158863402852447,0.19683150931962196,0.4116753091829499,18,591620651.4177215,182,0.38134464484186137,-0.14920888092094586,-0.4215356691794041,0.25132266543895465,0.6956219553610982,0.010671497840276073
서울 강남구,가정·내구재,tropical,-0.017270815274225304,0.09501699015248936,0.8557667228737323,42,591620651.4177215,182,0.38134464484186137,-0.017122529642574325,-0.1841331537702332,0.18407571799302014,0.9268964146944866,0.010671497840276073
서울 강남구,가정·내구재,r_0.1~10,-0.13749992428026825,0.07821919252871168,0.07876799452124149,34,591620651.4177215,182,0.38134464484186137,-0.12846558401049246,-0.2523419378105176,0.015935327480853356,0.20479678575522786,0.010671497840276073
서울 강남구,가정·내구재,r_10~30,-0.06081402590585519,0.09968603880581191,0.5418249791744258,12,591620651.4177215,182,0.38134464484186137,-0.059001775203386564,-0.22601180849729674,0.1440454373744604,0.7826360810297263,0.010671497840276073
서울 강남구,가정·내구재,r_30+,-0.37678347001527257,0.39574156370234925,0.3410489251157236,11,591620651.4177215,182,0.38134464484186137,-0.31393538862614634,-0.6841339143715097,0.49013988014262,0.44525996336590384,0.010671497840276073
서울 강남구,가정·내구재,r30_lag1,-0.0014299448999463976,0.18025815261830153,0.9936706386047488,11,591620651.4177215,182,0.38134464484186137,-0.001428923015875272,-0.29864136928483953,0.42173226666144825,0.994651626328207,0.010671497840276073
서울 강남구,교육,t_30~33,-0.1333005264462957,0.08878221010158034,0.13324364352717633,18,5130741681.810126,182,0.8338000341915198,-0.12479796877386029,-0.26458010578602986,0.04155272584929537,0.43304184146332303,0.0959343534448897
서울 강남구,교육,t_33~35,-0.12847939500486202,0.09779186193384472,0.18891197971389695,25,5130741681.810126,182,0.8338000341915198,-0.12056831708272042,-0.27396092580121134,0.06523204108841463,0.5172532819394524,0.0959343534448897
서울 강남구,교육,t_35+,-0.17889650472789403,0.10293395403037153,0.08221544841044807,18,5130741681.810126,182,0.8338000341915198,-0.16380756311736389,-0.31658094334842113,0.023117199753762474,0.6956219553610982,0.0959343534448897
서울 강남구,교육,tropical,-0.017704952952624572,0.03313431435773441,0.5931070861823842,42,5130741681.810126,182,0.8338000341915198,-0.017549141174935667,-0.07932502465920344,0.04837180965934795,0.9268964146944866,0.0959343534448897
서울 강남구,교육,r_0.1~10,-0.047040681026931375,0.03532058741360873,0.18291919257970968,34,5130741681.810126,182,0.8338000341915198,-0.04595141487527432,-0.10976431112853902,0.02243564727488012,0.22350336318779065,0.0959343534448897
서울 강남구,교육,r_10~30,0.058656693780055905,0.04275031956359343,0.17003973391823735,12,5130741681.810126,182,0.8338000341915198,0.060411132505937104,-0.024820704982321806,0.15309233459693128,0.36841942348951423,0.0959343534448897
서울 강남구,교육,r_30+,-0.1854037830266341,0.1248957627290139,0.13768476416282605,11,5130741681.810126,182,0.8338000341915198,-0.16923123420824915,-0.3496206545724504,0.06119105267932068,0.4122624024381291,0.0959343534448897
서울 강남구,교육,r30_lag1,0.0636142952292029,0.0616196585754486,0.3018987570664792,11,5130741681.810126,182,0.8338000341915198,0.06568128112730554,-0.055557276085009044,0.2024832890208781,0.7849367683728458,0.0959343534448897
서울 강남구,문화·취미,t_30~33,-0.03027186037649074,0.03840616012188981,0.4305778261528913,18,1354631548.78481,182,0.7511290172907303,-0.029818256280980227,-0.100168660896227,0.04603226731707322,0.5804327588304621,0.025489976864045655
서울 강남구,문화·취미,t_33~35,-0.032438355051914905,0.04632506544290741,0.4837815970369671,25,1354631548.78481,182,0.7511290172907303,-0.03191787463570017,-0.11594454226686202,0.060095261278007905,0.8169392425568817,0.025489976864045655
서울 강남구,문화·취미,t_35+,0.0598130882851452,0.07092231289140212,0.3990267692672207,18,1354631548.78481,182,0.7511290172907303,0.06163809540254883,-0.07613991778611506,0.21996335517505305,0.6956219553610982,0.025489976864045655
서울 강남구,문화·취미,tropical,0.002371194146521996,0.025843987154329874,0.9268964146944866,42,1354631548.78481,182,0.7511290172907303,0.002374007650711052,-0.04713593132145644,0.054456437429911464,0.9268964146944866,0.025489976864045655
서울 강남구,문화·취미,r_0.1~10,-0.07427250904843352,0.029553928784919442,0.011966931577600847,34,1354631548.78481,182,0.7511290172907303,-0.07158134311931208,-0.12383268678879877,-0.01621392461560167,0.0777850552544055,0.025489976864045655
서울 강남구,문화·취미,r_10~30,-0.0878542864090539,0.03995243875052337,0.027879927082330832,12,1354631548.78481,182,0.7511290172907303,-0.08410567474848307,-0.15309018547775588,-0.009502073722988169,0.0906097630175752,0.025489976864045655
서울 강남구,문화·취미,r_30+,-0.07004734018875927,0.0758311088512097,0.3556278012618834,11,1354631548.78481,182,0.7511290172907303,-0.06765031874870975,-0.1964182153931534,0.08175165836378051,0.44525996336590384,0.025489976864045655
서울 강남구,문화·취미,r30_lag1,0.1456390779783791,0.05301374719223942,0.00601074658770582,11,1354631548.78481,182,0.7511290172907303,0.15677860582503644,0.042615159649458834,0.28344263030322203,0.07813970564017565,0.025489976864045655
서울 강남구,미용·생활서비스,t_30~33,-0.03477828752363487,0.10439759197379121,0.7390338576348903,18,2666363287.518987,182,0.7824321372335192,-0.03418047323979567,-0.21289810620248306,0.18511639423303317,0.7390338576348903,0.047593980621782384
서울 강남구,미용·생활서비스,t_33~35,-0.022479196177538848,0.10701742928441023,0.8336272987116633,25,2666363287.518987,182,0.7824321372335192,-0.02222842163192751,-0.20723889508918159,0.2059588362019109,0.9030962402709686,0.047593980621782384
서울 강남구,미용·생활서비스,t_35+,-0.09446626065219549,0.1454216778692436,0.5159491281950188,18,2666363287.518987,182,0.7824321372335192,-0.09014156786173522,-0.31579161359787045,0.2099272429065988,0.6956219553610982,0.047593980621782384
서울 강남구,미용·생활서비스,tropical,-0.052074669102539384,0.05733829846268217,0.3637723205327561,42,2666363287.518987,182,0.7824321372335192,-0.05074201604519857,-0.151646387375451,0.062164063065909936,0.9268964146944866,0.047593980621782384
서울 강남구,미용·생활서비스,r_0.1~10,-0.06591505553604071,0.049495961573550525,0.18295026480361232,34,2666363287.518987,182,0.7824321372335192,-0.06378961319646737,-0.15034690830339925,0.031585592901958615,0.22350336318779065,0.047593980621782384
서울 강남구,미용·생활서비스,r_10~30,0.0022754517317085943,0.05615815214575248,0.967679649769607,12,2666363287.518987,182,0.7824321372335192,0.0022780425367114887,-0.10218794591232772,0.11889929521165188,0.967679649769607,0.047593980621782384
서울 강남구,미용·생활서비스,r_30+,-0.21641284172218514,0.2448428280318997,0.37675843054038016,11,2666363287.518987,182,0.7824321372335192,-0.19459727062154675,-0.501576312057956,0.30145009593863614,0.44525996336590384,0.047593980621782384
서울 강남구,미용·생활서비스,r30_lag1,0.038373758324620054,0.11537175534328371,0.7394289636028084,11,2666363287.518987,182,0.7824321372335192,0.03911953988579686,-0.17118215961556205,0.3027825482999147,0.994651626328207,0.047593980621782384
서울 강남구,백화점,t_30~33,-0.1458540706473947,0.19158926292282252,0.44648673756189394,18,3137833549.088608,182,0.5310411414435954,-0.13571618163945343,-0.4062928092227205,0.2581732717468588,0.5804327588304621,0.053443517708822434
서울 강남구,백화점,t_33~35,-0.10394856695618512,0.16812676756405354,0.5363941187809306,25,3137833549.088608,182,0.5310411414435954,-0.09872834862653368,-0.3517488181214288,0.2530491455727286,0.8169392425568817,0.053443517708822434
서울 강남구,백화점,t_35+,-0.1745537056771706,0.22307219789449947,0.4339215469026829,18,3137833549.088608,182,0.5310411414435954,-0.16016825071477925,-0.45761283910390427,0.30039465894103357,0.6956219553610982,0.053443517708822434
서울 강남구,백화점,tropical,-0.13914644577551907,0.09143833576296771,0.12807130005682066,42,3137833549.088608,182,0.5310411414435954,-0.1298994034290959,-0.2726631628125952,0.04088643589211771,0.8324634503693342,0.053443517708822434
서울 강남구,백화점,r_0.1~10,-0.09156132317013,0.04874391735642527,0.06032436560346332,34,3137833549.088608,182,0.5310411414435954,-0.08749464328501066,-0.17063870721040852,0.00398467263023905,0.19605418821125578,0.053443517708822434
서울 강남구,백화점,r_10~30,-0.031077570610731117,0.08151214995916108,0.7030080712312099,12,3137833549.088608,182,0.5310411414435954,-0.03059962681957784,-0.17373636404779214,0.13733322227035205,0.8308277205459753,0.053443517708822434
서울 강남구,백화점,r_30+,-0.7316938239172577,0.5727074490014369,0.20138878380484815,11,3137833549.088608,182,0.5310411414435954,-0.5189065879653516,-0.8434219112754825,0.4781817365924881,0.4122624024381291,0.053443517708822434
서울 강남구,백화점,r30_lag1,0.015071837052666244,0.13853458525770013,0.9133652795029464,11,3137833549.088608,182,0.5310411414435954,0.015185989965743607,-0.22621092082287486,0.3318908497890751,0.994651626328207,0.053443517708822434
서울 강남구,생활소매,t_30~33,-0.0399560174948997,0.0498765841472576,0.42307508007593053,18,8747792288.772152,182,0.5514984606615283,-0.03916830199195065,-0.12865224507224127,0.0595052855487892,0.5804327588304621,0.1597114384928643
서울 강남구,생활소매,t_33~35,-0.026833142595995382,0.046700199112552826,0.5655733217701489,25,8747792288.772152,182,0.5514984606615283,-0.02647633239512348,-0.11162873562813957,0.06683812207385298,0.8169392425568817,0.1597114384928643
서울 강남구,생활소매,t_35+,-0.046989644443472034,0.06335350850040919,0.4582657987529991,18,8747792288.772152,182,0.5514984606615283,-0.045902722252493366,-0.15731539169104047,0.08023999302886575,0.6956219553610982,0.1597114384928643
서울 강남구,생활소매,tropical,-0.024659859571826925,0.02469838813916448,0.31806602736460143,42,8747792288.772152,182,0.5514984606615283,-0.024358289214701956,-0.07046303165928414,0.02403323401244095,0.9268964146944866,0.1597114384928643
서울 강남구,생활소매,r_0.1~10,-0.02810892546967303,0.012939519273008142,0.029830666780068377,34,8747792288.772152,182,0.5514984606615283,-0.027717545289944634,-0.05206598468222712,-0.0027436968594171107,0.1292662227136296,0.1597114384928643
서울 강남구,생활소매,r_10~30,-0.06006889738039921,0.023975636804141994,0.012230811968177427,12,8747792288.772152,182,0.5514984606615283,-0.058300349289912456,-0.10152926614641566,-0.012991521333165168,0.06287508084912051,0.1597114384928643
서울 강남구,생활소매,r_30+,-0.2347635257192049,0.1559003317240132,0.13210401904896854,11,8747792288.772152,182,0.5514984606615283,-0.20924217859204375,-0.417442960179807,0.07336773805163577,0.4122624024381291,0.1597114384928643
서울 강남구,생활소매,r30_lag1,0.055593792071804475,0.040007495768636686,0.1646551150511183,11,8747792288.772152,182,0.5514984606615283,0.05716816641521283,-0.022562472484176865,0.14340251997702325,0.7135054985548459,0.1597114384928643
서울 강남구,숙박·여행,t_30~33,-0.08201793900143123,0.07264993936903745,0.2589201463759757,18,1035469575.5443038,182,0.577775083064925,-0.07874456785440165,-0.20101397194999315,0.062235810717649054,0.5609936504812807,0.01801224470583926
서울 강남구,숙박·여행,t_33~35,-0.10656601643561026,0.09559155456121914,0.26493366402886476,25,1035469575.5443038,182,0.577775083064925,-0.10108429700825095,-0.2546679560924735,0.08414692175156957,0.574022938729207,0.01801224470583926
서울 강남구,숙박·여행,t_35+,-0.004869219920692114,0.09925904126156929,0.9608749218428989,18,1035469575.5443038,182,0.577775083064925,-0.0048573844869428395,-0.18079173922458125,0.20886088755110332,0.9608749218428989,0.01801224470583926
서울 강남구,숙박·여행,tropical,0.0270673071412596,0.05609226854968961,0.6294155041755578,42,1035469575.5443038,182,0.577775083064925,0.02743695428048487,-0.07953245709277423,0.14683749922028078,0.9268964146944866,0.01801224470583926
서울 강남구,숙박·여행,r_0.1~10,0.04573923882995623,0.030410428525991115,0.13256482034986644,34,1035469575.5443038,182,0.577775083064925,0.046801410203958005,-0.01376952189466163,0.11109240358312511,0.22350336318779065,0.01801224470583926
서울 강남구,숙박·여행,r_10~30,0.007080441116360775,0.04660402887459314,0.8792439909371905,12,1035469575.5443038,182,0.577775083064925,0.00710556670463891,-0.08081094120028953,0.10343091312673858,0.9525143235152896,0.01801224470583926
서울 강남구,숙박·여행,r_30+,0.02837074516977986,0.07262513136349825,0.6960586328938569,11,1035469575.5443038,182,0.577775083064925,0.0287770278402939,-0.10771930222705983,0.18615383662735807,0.6960586328938569,0.01801224470583926
서울 강남구,숙박·여행,r30_lag1,0.010182014802510804,0.049345019370106984,0.836522747140665,11,1035469575.5443038,182,0.577775083064925,0.010234027898043063,-0.08289583795750088,0.11282102226007606,0.994651626328207,0.01801224470583926
서울 강남구,야외·레저,t_30~33,-0.07006632077737428,0.08884376511280852,0.4303186689286028,18,761157751.6329114,182,0.8535092548663681,-0.06766801512651055,-0.21666912624051415,0.10967530980405771,0.5804327588304621,0.01393639357228062
서울 강남구,야외·레저,t_33~35,-0.01980835790710835,0.07839361347887194,0.8005168877126023,25,761157751.6329114,182,0.8535092548663681,-0.019613461367165352,-0.15924908523318426,0.14321346340616214,0.9030962402709686,0.01393639357228062
서울 강남구,야외·레저,t_35+,-0.05774177155340676,0.09309448929910491,0.5350938118162294,18,761157751.6329114,182,0.8535092548663681,-0.05610634383823865,-0.21353493091066622,0.132835098670119,0.6956219553610982,0.01393639357228062
서울 강남구,야외·레저,tropical,-0.007392041088278428,0.03973735840217484,0.8524271496928386,42,761157751.6329114,182,0.8535092548663681,-0.007364787147981944,-0.08174235027915266,0.07303725277247874,0.9268964146944866,0.01393639357228062
서울 강남구,야외·레저,r_0.1~10,-0.0410514688298238,0.029669337751786398,0.16647092005463993,34,761157751.6329114,182,0.8535092548663681,-0.04022027006305906,-0.0944414748873531,0.017247482577934514,0.22350336318779065,0.01393639357228062
서울 강남구,야외·레저,r_10~30,0.027339749983772005,0.05321286740130721,0.6074052478170335,12,761157751.6329114,182,0.8535092548663681,0.027716910259081073,-0.07407076757433861,0.14069413800181496,0.7896268221621435,0.01393639357228062
서울 강남구,야외·레저,r_30+,-0.18410104859211573,0.16129285639604055,0.25369993996192564,11,761157751.6329114,182,0.8535092548663681,-0.16814825786780618,-0.3936118868239581,0.14114591934205079,0.4122624024381291,0.01393639357228062
서울 강남구,야외·레저,r30_lag1,-0.0005176986823803575,0.07723108327696647,0.994651626328207,11,761157751.6329114,182,0.8535092548663681,-0.0005175646995394523,-0.1409177596188338,0.1628282968937973,0.994651626328207,0.01393639357228062
서울 강남구,외식,t_30~33,-0.0442916841461642,0.02153895953908127,0.039748592174208175,18,10518495060.227848,182,0.8838213411212178,-0.0433251301202654,-0.08287182939689897,-0.002073171454807232,0.43304184146332303,0.1910485170041267
서울 강남구,외식,t_33~35,-0.078096881420181,0.04034724498233285,0.052914419746357806,25,10518495060.227848,182,0.8838213411212178,-0.07512518098299881,-0.14544762195318284,0.0009842027551731913,0.5172532819394524,0.1910485170041267
서울 강남구,외식,t_35+,-0.04331609102801065,0.031083024095034772,0.16345020383819064,18,10518495060.227848,182,0.8838213411212178,-0.04239134927988242,-0.0989899059327698,0.01776254669304489,0.6956219553610982,0.1910485170041267
서울 강남구,외식,tropical,0.03777249507365543,0.01565486336820969,0.01582928089738966,42,10518495060.227848,182,0.8838213411212178,0.03849494328541225,0.007114149048713658,0.0708535355679989,0.20578065166606557,0.1910485170041267
서울 강남구,외식,r_0.1~10,-0.029998035071611362,0.010406160209371157,0.0039425905239288865,34,10518495060.227848,182,0.8838213411212178,-0.029552559593639893,-0.04914538979081762,-0.009556009426012646,0.051253676811075524,0.1910485170041267
서울 강남구,외식,r_10~30,-0.07919033158038699,0.019960043827625507,7.264794959856968e-05,12,10518495060.227848,182,0.8838213411212178,-0.07613593279794917,-0.1115811928354935,-0.03927651262669596,0.0009444233447814058,0.1910485170041267
서울 강남구,외식,r_30+,-0.07687875875045036,0.030444278657800063,0.011562309834480637,11,10518495060.227848,182,0.8838213411212178,-0.0739978835454016,-0.12763690197076472,-0.017060761034553562,0.07515501392412413,0.1910485170041267
서울 강남구,외식,r30_lag1,0.019245297523801108,0.021449003191902592,0.369581067928461,11,10518495060.227848,182,0.8838213411212178,0.01943168201715051,-0.0225369112765742,0.06320224905635397,0.8007589805116655,0.1910485170041267
서울 강남구,의료,t_30~33,-0.13466794513362149,0.10042335089927118,0.1799197038959509,18,17436421416.6962,182,0.9524660595629908,-0.12599391851817732,-0.2821522019927104,0.06413453184327156,0.4677912301294723,0.29949543413678664
서울 강남구,의료,t_33~35,-0.15365039186760443,0.08916067769475455,0.08483470132654551,25,17436421416.6962,182,0.9524660595629908,-0.14242821732181676,-0.27992889877719473,0.021328812108902584,0.5172532819394524,0.29949543413678664
서울 강남구,의료,t_35+,-0.11685673535933916,0.10189864502217957,0.25146684810586084,18,17436421416.6962,182,0.9524660595629908,-0.11028735160385683,-0.27136188243612946,0.08639471039845836,0.6956219553610982,0.29949543413678664
서울 강남구,의료,tropical,0.010291691463017477,0.04727587358845416,0.827667251465849,42,17436421416.6962,182,0.9524660595629908,0.010344833068812731,-0.0790679470715524,0.10843865023792199,0.9268964146944866,0.29949543413678664
서울 강남구,의료,r_0.1~10,0.04296972080946537,0.045900354676950694,0.34919479858514646,34,17436421416.6962,182,0.9524660595629908,0.04390628573473965,-0.04590780749527057,0.14217508743642537,0.34919479858514646,0.29949543413678664
서울 강남구,의료,r_10~30,0.061916690525523996,0.08136937488193788,0.4466967344491882,12,17436421416.6962,182,0.9524660595629908,0.06387371027632827,-0.09295869008538382,0.24782328990469527,0.7258821934799309,0.29949543413678664
서울 강남구,의료,r_30+,-0.1361326810495356,0.11902274111083946,0.2527258640376764,11,17436421416.6962,182,0.9524660595629908,-0.12727316950530376,-0.3088630291294352,0.10202774958765648,0.4122624024381291,0.29949543413678664
서울 강남구,의료,r30_lag1,-0.2803613941200971,0.13756579111653408,0.041548252257144834,11,17436421416.6962,182,0.9524660595629908,-0.24448934499561048,-0.42304461897402246,-0.01067505634467536,0.2700636396714414,0.29949543413678664
서울 강남구,주점·유흥,t_30~33,-0.11367822073063452,0.07163506434915236,0.1125335965081648,18,370426139.2278481,182,0.7835367866455607,-0.10745488780646606,-0.224372536480556,0.027086861630444936,0.43304184146332303,0.006493468713043302
서울 강남구,주점·유흥,t_33~35,-0.12075889932970789,0.09400746042439309,0.19894356997671248,25,370426139.2278481,182,0.7835367866455607,-0.11375239127112502,-0.2628865927474636,0.065554928522088,0.5172532819394524,0.006493468713043302
서울 강남구,주점·유흥,t_35+,-0.0631452245999582,0.11863061995399377,0.5945290570775299,18,370426139.2278481,182,0.7835367866455607,-0.06119287410045038,-0.25596056365204967,0.18455928084382478,0.7026252492734444,0.006493468713043302
서울 강남구,주점·유흥,tropical,0.08027638404956561,0.08036964956343674,0.3178724269058152,42,370426139.2278481,182,0.7835367866455607,0.08358651232052039,-0.07433985810447907,0.26845661440986657,0.9268964146944866,0.006493468713043302
서울 강남구,주점·유흥,r_0.1~10,-0.05615287259814483,0.046577915277513086,0.22798386842832785,34,370426139.2278481,182,0.7835367866455607,-0.05460540008587833,-0.1370906090722228,0.03576454137997431,0.2469825241306885,0.006493468713043302
서울 강남구,주점·유흥,r_10~30,-0.08006287164006673,0.0792717130532479,0.31250470965891375,12,370426139.2278481,182,0.7835367866455607,-0.07694168962760517,-0.20977331308848712,0.0782180081485262,0.5803658893665541,0.006493468713043302
서울 강남구,주점·유흥,r_30+,0.03683281822782347,0.07834723120393187,0.6382672990345468,11,370426139.2278481,182,0.7835367866455607,0.03751955198077761,-0.1101725886852275,0.20972539961640413,0.691456240620759,0.006493468713043302
서울 강남구,주점·유흥,r30_lag1,0.07174408042512528,0.09982552360578897,0.4723290145067487,11,370426139.2278481,182,0.7835367866455607,0.07438035391420583,-0.11654413733809488,0.3065657195356206,0.8771824555125334,0.006493468713043302
서울 강남구,차량·교통,t_30~33,-0.02059034965138167,0.037996628162345246,0.5878878165075546,18,702946119.7974683,182,0.8961405951841827,-0.020379815866074513,-0.09068502788789057,0.05536116152750448,0.6947765104180191,0.012686266475850841
서울 강남구,차량·교통,t_33~35,-0.021870696286187364,0.05689608985856184,0.7006840930295446,25,702946119.7974683,182,0.8961405951841827,-0.021633266675224805,-0.12487367569350749,0.093786620617476,0.9030962402709686,0.012686266475850841
서울 강남구,차량·교통,t_35+,0.004375216523736514,0.05684030697962373,0.9386443582617668,18,702946119.7974683,182,0.8961405951841827,0.004384801757610912,-0.10150288633478965,0.1227513307043977,0.9608749218428989,0.012686266475850841
서울 강남구,차량·교통,tropical,0.006627878438177609,0.036641061493910373,0.8564565569198623,42,702946119.7974683,182,0.8961405951841827,0.006649891430746457,-0.06310925283950664,0.0816031719693604,0.9268964146944866,0.012686266475850841
서울 강남구,차량·교통,r_0.1~10,-0.03735291227280557,0.02844436293779535,0.18911823038966902,34,702946119.7974683,182,0.8961405951841827,-0.03666389778165935,-0.08890113465458871,0.018568325716660894,0.22350336318779065,0.012686266475850841
서울 강남구,차량·교통,r_10~30,-0.05646848757257596,0.02963794314955176,0.05674409041461379,12,702946119.7974683,182,0.8961405951841827,-0.05490373369660362,-0.10824054865064858,0.0016231969608830887,0.14753463507799586,0.012686266475850841
서울 강남구,차량·교통,r_30+,-0.17279331266478584,0.06840244750460259,0.011532757490816834,11,702946119.7974683,182,0.8961405951841827,-0.1586885146954241,-0.26424795307094184,-0.03798430699624178,0.07515501392412413,0.012686266475850841
서울 강남구,차량·교통,r30_lag1,-0.05439313598863641,0.046656076109626875,0.24368246778921332,11,702946119.7974683,182,0.8961405951841827,-0.05294028995003719,-0.13570319525930152,0.037747784650215443,0.7849367683728458,0.012686266475850841
서울 강남구,패션·뷰티소매,t_30~33,-0.1326975688581029,0.08593718123529615,0.1225585639849775,18,3708960495.1392407,182,0.5932254858898371,-0.12427009994266458,-0.26002171963981635,0.036385632131177514,0.43304184146332303,0.06548291041939211
서울 강남구,패션·뷰티소매,t_33~35,-0.13204446495247363,0.09455980035089635,0.16259038389722702,25,3708960495.1392407,182,0.5932254858898371,-0.12369797051501552,-0.2719471764819408,0.05473836797839815,0.5172532819394524,0.06548291041939211
서울 강남구,패션·뷰티소매,t_35+,-0.11377959066133708,0.11294288908469348,0.31373866062421485,18,3708960495.1392407,182,0.5932254858898371,-0.1075453604569574,-0.28476752785580683,0.11358937780628353,0.6956219553610982,0.06548291041939211
서울 강남구,패션·뷰티소매,tropical,0.012572803626944837,0.05287040850887093,0.8120329840444936,42,3708960495.1392407,182,0.5932254858898371,0.012652173608057149,-0.08703085765809204,0.12321915074002043,0.9268964146944866,0.06548291041939211
서울 강남구,패션·뷰티소매,r_0.1~10,-0.04164912391615816,0.028927260300123808,0.14992737097823441,34,3708960495.1392407,182,0.5932254858898371,-0.04079371592193015,-0.09366524470706217,0.015162102128015054,0.22350336318779065,0.06548291041939211
서울 강남구,패션·뷰티소매,r_10~30,-0.12059476414044318,0.049335271357187495,0.014509634042104733,12,3708960495.1392407,182,0.5932254858898371,-0.11360691491356278,-0.1953049522457474,-0.023614344984764668,0.06287508084912051,0.06548291041939211
서울 강남구,패션·뷰티소매,r_30+,-0.14875836300161424,0.11142632185043552,0.18186394160994335,11,3708960495.1392407,182,0.5932254858898371,-0.1382226729713517,-0.30729700744287225,0.07211917569331727,0.4122624024381291,0.06548291041939211
서울 강남구,패션·뷰티소매,r30_lag1,-0.036266051524258366,0.11258716504617418,0.7473653270736546,11,3708960495.1392407,182,0.5932254858898371,-0.03561631640008023,-0.22658298130493493,0.20250248793715153,0.994651626328207,0.06548291041939211
