group,강원 춘천시,서울 강남구
외식,0.23578868859523627,0.3916187467911498
주점·유흥,0.1465996347231635,0.2979026830128924
생활소매,0.13192709743290032,0.5661130908904038
백화점,,0.2903006836222794
패션·뷰티소매,0.12088283559444865,0.42034023927414504
가정·내구재,0.10104235277164542,0.4095542673981234
문화·취미,0.1241515326097187,0.5013300568586119
야외·레저,0.6369670775242917,0.2031562905528645
숙박·여행,0.7576806122880099,0.5222374248245277
의료,0.1032958856324923,0.4844324994037306
미용·생활서비스,0.14339985737598518,0.4366856359923497
교육,0.03005437552582777,0.2622365001656786
차량·교통,0.12506290702022893,0.33210345042519873
