,서울 강남구,강원 춘천시
일평균 상권 결제액(억원),538.6804023733696,83.97230546641303
주말/평일 결제액 비,0.8253973849447807,1.038936961060235
야간(18~23시) 결제 비중,0.23433658927915016,0.26894029244934203
60대 이상 고객 결제 비중,0.16473791542498792,0.2234272429590013
타 시·도 거주 고객 결제 비중,0.4348786932620803,0.17957710342263003
외식 비중,0.1913908902718327,0.26194242313828436
생활소매 비중,0.1597515277654765,0.30172315284848966
의료 비중,0.2994720274881811,0.1284752322865528
야외·레저 + 차량·교통 비중,0.0266560363630928,0.17135021126289435
"폭염일(최고 33℃+, 2025 하반기)",43.0,30.0
열대야일(최저 25℃+),42.0,5.0
호우일(30mm+),11.0,18.0
유동인구 60대 이상 비중,0.18863170255231493,0.24657076834304564
유동인구 주말/평일 비,0.7305390166150726,0.9487091460527477
유동인구 야간(18~23시) 비중,0.2583096449513404,0.25498626689193865
유동인구 집계 격자 수(월평균),15351.333333333334,83967.83333333333
